Section,Code,Title,Type,Last Revised,Last Reviewed,URL
A. School District Organization,AA,School District Legal Status,P,12/10/2024,,https://simbli.eboardsolutions.com/Policy/ViewPolicy.aspx?S=36031793&revid=Gra5xXDOm37IFSoD9Bzz6g==&ptid=9slshUHzTHxaaYMVf6zKpJz3Q==&secid=Nv0l17DudLOYg9watplus9ahw==&PG=6&IRP=0&isPndg=false
A. School District Organization,AAA,School District Liability Exemptions,P,07/26/2016,,https://simbli.eboardsolutions.com/Policy/ViewPolicy.aspx?S=36031793&revid=iplususCsTxaL3ZOegryrBv3A==&ptid=9slshUHzTHxaaYMVf6zKpJz3Q==&secid=Nv0l17DudLOYg9watplus9ahw==&PG=6&IRP=0&isPndg=false
A. School District Organization,AB,School Board Legal Status,P,07/26/2016,,https://simbli.eboardsolutions.com/Policy/ViewPolicy.aspx?S=36031793&revid=BbUGKgxNUyCplusQGIyjs3yOA==&ptid=9slshUHzTHxaaYMVf6zKpJz3Q==&secid=Nv0l17DudLOYg9watplus9ahw==&PG=6&IRP=0&isPndg=false
A. School District Organization,ABA,Authority,P,12/10/2024,,https://simbli.eboardsolutions.com/Policy/ViewPolicy.aspx?S=36031793&revid=dSLXslshRWclplusgf0NKtHDClEQ==&ptid=9slshUHzTHxaaYMVf6zKpJz3Q==&secid=Nv0l17DudLOYg9watplus9ahw==&PG=6&IRP=0&isPndg=false
A. School District Organization,ABB,Board Powers and Duties,P,06/11/2026,06/11/2026,https://simbli.eboardsolutions.com/Policy/ViewPolicy.aspx?S=36031793&revid=rYFKIHAxhbFW7fWeLvg0cA==&ptid=9slshUHzTHxaaYMVf6zKpJz3Q==&secid=Nv0l17DudLOYg9watplus9ahw==&PG=6&IRP=0&isPndg=false
A. School District Organization,ABBA,General Home Rule Authority,P,07/26/2016,,https://simbli.eboardsolutions.com/Policy/ViewPolicy.aspx?S=36031793&revid=d3RQZXLgGDdnCXbENplusbwhA==&ptid=9slshUHzTHxaaYMVf6zKpJz3Q==&secid=Nv0l17DudLOYg9watplus9ahw==&PG=6&IRP=0&isPndg=false
A. School District Organization,ABC,Board Member Legal Status,P,12/10/2024,,https://simbli.eboardsolutions.com/Policy/ViewPolicy.aspx?S=36031793&revid=u42uVFDmN8TYoiplus3BJPxlQ==&ptid=9slshUHzTHxaaYMVf6zKpJz3Q==&secid=Nv0l17DudLOYg9watplus9ahw==&PG=6&IRP=0&isPndg=false
A. School District Organization,ABCA,Number of Board Members,P,07/26/2016,,https://simbli.eboardsolutions.com/Policy/ViewPolicy.aspx?S=36031793&revid=YJSnK7fGyBL4VOIplusVskahw==&ptid=9slshUHzTHxaaYMVf6zKpJz3Q==&secid=Nv0l17DudLOYg9watplus9ahw==&PG=6&IRP=0&isPndg=false
A. School District Organization,ABCB,Board Members Qualifications,P,06/01/2000,,https://simbli.eboardsolutions.com/Policy/ViewPolicy.aspx?S=36031793&revid=9JNZG5XOOGKsY4p7QGeUnA==&ptid=9slshUHzTHxaaYMVf6zKpJz3Q==&secid=Nv0l17DudLOYg9watplus9ahw==&PG=6&IRP=0&isPndg=false
A. School District Organization,ABCC,Board Member Term of Office,P,02/12/2007,,https://simbli.eboardsolutions.com/Policy/ViewPolicy.aspx?S=36031793&revid=l3cV4aID6FNPouJ3NZwIplusA==&ptid=9slshUHzTHxaaYMVf6zKpJz3Q==&secid=Nv0l17DudLOYg9watplus9ahw==&PG=6&IRP=0&isPndg=false
A. School District Organization,ABCD,Method of Election,P,02/12/2007,,https://simbli.eboardsolutions.com/Policy/ViewPolicy.aspx?S=36031793&revid=YSGVR4yvqjcpowgtbW20vQ==&ptid=9slshUHzTHxaaYMVf6zKpJz3Q==&secid=Nv0l17DudLOYg9watplus9ahw==&PG=6&IRP=0&isPndg=false
A. School District Organization,ABCDA,Board Member Unexpired Term Fulfillment,P,02/12/2007,,https://simbli.eboardsolutions.com/Policy/ViewPolicy.aspx?S=36031793&revid=jNjuQzzxjUCal0XsteRYplusw==&ptid=9slshUHzTHxaaYMVf6zKpJz3Q==&secid=Nv0l17DudLOYg9watplus9ahw==&PG=6&IRP=0&isPndg=false
A. School District Organization,ABCE,Oath of Office,P,02/12/2007,,https://simbli.eboardsolutions.com/Policy/ViewPolicy.aspx?S=36031793&revid=28F39U8LAEpluszoiyaQ2tNbA==&ptid=9slshUHzTHxaaYMVf6zKpJz3Q==&secid=Nv0l17DudLOYg9watplus9ahw==&PG=6&IRP=0&isPndg=false
A. School District Organization,ABD,Superintendent Legal Status,P,07/26/2016,,https://simbli.eboardsolutions.com/Policy/ViewPolicy.aspx?S=36031793&revid=yfvYJ3q347Z45V9slshMRWcMg==&ptid=9slshUHzTHxaaYMVf6zKpJz3Q==&secid=Nv0l17DudLOYg9watplus9ahw==&PG=6&IRP=0&isPndg=false
A. School District Organization,AC,School District Organization Plan,P,12/10/2024,,https://simbli.eboardsolutions.com/Policy/ViewPolicy.aspx?S=36031793&revid=w8RpINkJwywIMnH2Ub6r2w==&ptid=9slshUHzTHxaaYMVf6zKpJz3Q==&secid=Nv0l17DudLOYg9watplus9ahw==&PG=6&IRP=0&isPndg=false
A. School District Organization,ADA,School Census,P,07/26/2016,,https://simbli.eboardsolutions.com/Policy/ViewPolicy.aspx?S=36031793&revid=AtHeQ8sLTOFNsuI3xc8S0g==&ptid=9slshUHzTHxaaYMVf6zKpJz3Q==&secid=Nv0l17DudLOYg9watplus9ahw==&PG=6&IRP=0&isPndg=false
A. School District Organization,ADB,Average Daily Attendance,P,12/10/2024,,https://simbli.eboardsolutions.com/Policy/ViewPolicy.aspx?S=36031793&revid=wZljiRa4dIy4slsh6i8039lAg==&ptid=9slshUHzTHxaaYMVf6zKpJz3Q==&secid=Nv0l17DudLOYg9watplus9ahw==&PG=6&IRP=0&isPndg=false
A. School District Organization,AE,School Year (Academic Year),P,12/10/2024,,https://simbli.eboardsolutions.com/Policy/ViewPolicy.aspx?S=36031793&revid=xu47v1D2TjIBbf7NXhL7dw==&ptid=9slshUHzTHxaaYMVf6zKpJz3Q==&secid=Nv0l17DudLOYg9watplus9ahw==&PG=6&IRP=0&isPndg=false
A. School District Organization,AEA,School Calendar,P,06/11/2026,06/11/2026,https://simbli.eboardsolutions.com/Policy/ViewPolicy.aspx?S=36031793&revid=8ww5gFGEXCFnhXpr0Bsc4g==&ptid=9slshUHzTHxaaYMVf6zKpJz3Q==&secid=Nv0l17DudLOYg9watplus9ahw==&PG=6&IRP=0&isPndg=false
A. School District Organization,AEAA,Vacations,P,07/26/2016,,https://simbli.eboardsolutions.com/Policy/ViewPolicy.aspx?S=36031793&revid=ukKSAZrIKcAULmkVBgb9ew==&ptid=9slshUHzTHxaaYMVf6zKpJz3Q==&secid=Nv0l17DudLOYg9watplus9ahw==&PG=6&IRP=0&isPndg=false
A. School District Organization,AEAB,Holidays,P,03/05/2026,03/05/2026,https://simbli.eboardsolutions.com/Policy/ViewPolicy.aspx?S=36031793&revid=ElrgTfed0Dn96Z8bAlCDeg==&ptid=9slshUHzTHxaaYMVf6zKpJz3Q==&secid=Nv0l17DudLOYg9watplus9ahw==&PG=6&IRP=0&isPndg=false
A. School District Organization,AEBA,Extended School Year / Summer School,P,07/26/2016,,https://simbli.eboardsolutions.com/Policy/ViewPolicy.aspx?S=36031793&revid=UKGEPxfzGqLvICfGgKncwA==&ptid=9slshUHzTHxaaYMVf6zKpJz3Q==&secid=Nv0l17DudLOYg9watplus9ahw==&PG=6&IRP=0&isPndg=false
A. School District Organization,AF,School Day,P,07/26/2016,,https://simbli.eboardsolutions.com/Policy/ViewPolicy.aspx?S=36031793&revid=g9wX85u7bTEHcr59cWzXLQ==&ptid=9slshUHzTHxaaYMVf6zKpJz3Q==&secid=Nv0l17DudLOYg9watplus9ahw==&PG=6&IRP=0&isPndg=false
A. School District Organization,AFC,Authority for Emergency Closings,P,12/10/2024,,https://simbli.eboardsolutions.com/Policy/ViewPolicy.aspx?S=36031793&revid=qNTRJQENDCGZMgo3m2s3WA==&ptid=9slshUHzTHxaaYMVf6zKpJz3Q==&secid=Nv0l17DudLOYg9watplus9ahw==&PG=6&IRP=0&isPndg=false
B. School Board Operations,BA,Board Operations Goals and Objectives Mission Statement,P,07/26/2016,,https://simbli.eboardsolutions.com/Policy/ViewPolicy.aspx?S=36031793&revid=TflKhwzXslsh7R1uBVQSoslshtDA==&ptid=9slshUHzTHxaaYMVf6zKpJz3Q==&secid=FLIvly1a230LTslshi25yNEHA==&PG=6&IRP=0&isPndg=false
B. School Board Operations,BAAA,Mission Driven Decision Making,P,01/13/2017,,https://simbli.eboardsolutions.com/Policy/ViewPolicy.aspx?S=36031793&revid=75V5n7ATHTxRoighDGkOHQ==&ptid=9slshUHzTHxaaYMVf6zKpJz3Q==&secid=FLIvly1a230LTslshi25yNEHA==&PG=6&IRP=0&isPndg=false
B. School Board Operations,BBAA,Method of Election of Board Officers,P,01/01/1999,,https://simbli.eboardsolutions.com/Policy/ViewPolicy.aspx?S=36031793&revid=plusJV8NQJnsAWq647GkHMUmw==&ptid=9slshUHzTHxaaYMVf6zKpJz3Q==&secid=FLIvly1a230LTslshi25yNEHA==&PG=6&IRP=0&isPndg=false
B. School Board Operations,BBABA,Duties of Board President,P,07/26/2016,,https://simbli.eboardsolutions.com/Policy/ViewPolicy.aspx?S=36031793&revid=7GbEplusWPHLqHE66r6u0VHuQ==&ptid=9slshUHzTHxaaYMVf6zKpJz3Q==&secid=FLIvly1a230LTslshi25yNEHA==&PG=6&IRP=0&isPndg=false
B. School Board Operations,BBABC,Duties of Board Secretary,P,07/26/2016,,https://simbli.eboardsolutions.com/Policy/ViewPolicy.aspx?S=36031793&revid=ipAf0K9kq67XAgeG5WEOVg==&ptid=9slshUHzTHxaaYMVf6zKpJz3Q==&secid=FLIvly1a230LTslshi25yNEHA==&PG=6&IRP=0&isPndg=false
B. School Board Operations,BBB,School Board Members - Individual Board Members Authority and Responsibilities,P,07/26/2016,,https://simbli.eboardsolutions.com/Policy/ViewPolicy.aspx?S=36031793&revid=JVvkxLO5OdYplusoslshRXG6eslshKg==&ptid=9slshUHzTHxaaYMVf6zKpJz3Q==&secid=FLIvly1a230LTslshi25yNEHA==&PG=6&IRP=0&isPndg=false
B. School Board Operations,BBBB,Orientation of New Board Members,P,07/26/2016,,https://simbli.eboardsolutions.com/Policy/ViewPolicy.aspx?S=36031793&revid=UJkuAegCaQcjzeE99Aa4cg==&ptid=9slshUHzTHxaaYMVf6zKpJz3Q==&secid=FLIvly1a230LTslshi25yNEHA==&PG=6&IRP=0&isPndg=false
B. School Board Operations,BBBC,Board Member Development (Training) Opportunity,P,07/26/2016,,https://simbli.eboardsolutions.com/Policy/ViewPolicy.aspx?S=36031793&revid=w6mKofVKwZhplusxYmUpBxMgQ==&ptid=9slshUHzTHxaaYMVf6zKpJz3Q==&secid=FLIvly1a230LTslshi25yNEHA==&PG=6&IRP=0&isPndg=false
B. School Board Operations,BBBCA,Hardship Extension for School Board Member Training,P,07/26/2016,,https://simbli.eboardsolutions.com/Policy/ViewPolicy.aspx?S=36031793&revid=eeGZI6atxQmTaDpEkNJQdw==&ptid=9slshUHzTHxaaYMVf6zKpJz3Q==&secid=FLIvly1a230LTslshi25yNEHA==&PG=6&IRP=0&isPndg=false
B. School Board Operations,BBBCB,School Board Member Visits to Schools,P,07/26/2016,,https://simbli.eboardsolutions.com/Policy/ViewPolicy.aspx?S=36031793&revid=plusBGMVeFEFwlimMsiSwfgTw==&ptid=9slshUHzTHxaaYMVf6zKpJz3Q==&secid=FLIvly1a230LTslshi25yNEHA==&PG=6&IRP=0&isPndg=false
B. School Board Operations,BBBD,Bonded Members,P,08/01/2001,,https://simbli.eboardsolutions.com/Policy/ViewPolicy.aspx?S=36031793&revid=bLaNOF73aK7SsjpoEqEqPw==&ptid=9slshUHzTHxaaYMVf6zKpJz3Q==&secid=FLIvly1a230LTslshi25yNEHA==&PG=6&IRP=0&isPndg=false
B. School Board Operations,BBBE,Board Member Compensation and Expenses,P,08/01/2003,,https://simbli.eboardsolutions.com/Policy/ViewPolicy.aspx?S=36031793&revid=mpyBcTC4WKN0nMelfLY9Qg==&ptid=9slshUHzTHxaaYMVf6zKpJz3Q==&secid=FLIvly1a230LTslshi25yNEHA==&PG=6&IRP=0&isPndg=false
B. School Board Operations,BBC,Governance Standards,P,07/26/2016,,https://simbli.eboardsolutions.com/Policy/ViewPolicy.aspx?S=36031793&revid=s6nsGWvHIT3Hv09HgUjwOw==&ptid=9slshUHzTHxaaYMVf6zKpJz3Q==&secid=FLIvly1a230LTslshi25yNEHA==&PG=6&IRP=0&isPndg=false
B. School Board Operations,BBCA,Role of the Board,P,07/26/2016,,https://simbli.eboardsolutions.com/Policy/ViewPolicy.aspx?S=36031793&revid=UY9MDS1epIQBssP9XpluszslshKg==&ptid=9slshUHzTHxaaYMVf6zKpJz3Q==&secid=FLIvly1a230LTslshi25yNEHA==&PG=6&IRP=0&isPndg=false
B. School Board Operations,BBD,Board-School Superintendent Relations,P,07/26/2016,,https://simbli.eboardsolutions.com/Policy/ViewPolicy.aspx?S=36031793&revid=05TjUplusPvXGVz48FywvlgnQ==&ptid=9slshUHzTHxaaYMVf6zKpJz3Q==&secid=FLIvly1a230LTslshi25yNEHA==&PG=6&IRP=0&isPndg=false
B. School Board Operations,BBE,School Board Attorney,P,07/26/2016,,https://simbli.eboardsolutions.com/Policy/ViewPolicy.aspx?S=36031793&revid=tBeBPkNU3V4B2pF4pXNdsw==&ptid=9slshUHzTHxaaYMVf6zKpJz3Q==&secid=FLIvly1a230LTslshi25yNEHA==&PG=6&IRP=0&isPndg=false
B. School Board Operations,BBF,Advisory Committees to the Board,P,07/26/2016,,https://simbli.eboardsolutions.com/Policy/ViewPolicy.aspx?S=36031793&revid=UA972yTav7WO2szMDzyIXg==&ptid=9slshUHzTHxaaYMVf6zKpJz3Q==&secid=FLIvly1a230LTslshi25yNEHA==&PG=6&IRP=0&isPndg=false
B. School Board Operations,BBG,Consultants to the Board,P,07/26/2016,,https://simbli.eboardsolutions.com/Policy/ViewPolicy.aspx?S=36031793&revid=FntKJEW8H97WAf1jcg5FYA==&ptid=9slshUHzTHxaaYMVf6zKpJz3Q==&secid=FLIvly1a230LTslshi25yNEHA==&PG=6&IRP=0&isPndg=false
B. School Board Operations,BBH,Awards,P,07/26/2016,,https://simbli.eboardsolutions.com/Policy/ViewPolicy.aspx?S=36031793&revid=VXLWcMA6ZS8NvIP3H0slshdWQ==&ptid=9slshUHzTHxaaYMVf6zKpJz3Q==&secid=FLIvly1a230LTslshi25yNEHA==&PG=6&IRP=0&isPndg=false
B. School Board Operations,BBI,Board/Staff Relations,P,08/01/2003,,https://simbli.eboardsolutions.com/Policy/ViewPolicy.aspx?S=36031793&revid=MlCLEemFVjIxov07U9cqNA==&ptid=9slshUHzTHxaaYMVf6zKpJz3Q==&secid=FLIvly1a230LTslshi25yNEHA==&PG=6&IRP=0&isPndg=false
B. School Board Operations,BC,Board Meetings,P,02/12/2007,,https://simbli.eboardsolutions.com/Policy/ViewPolicy.aspx?S=36031793&revid=DvmFUDWXEyKd3PuJnFV0Zg==&ptid=9slshUHzTHxaaYMVf6zKpJz3Q==&secid=FLIvly1a230LTslshi25yNEHA==&PG=6&IRP=0&isPndg=false
B. School Board Operations,BCAB,Regular Meeting,P,02/12/2007,,https://simbli.eboardsolutions.com/Policy/ViewPolicy.aspx?S=36031793&revid=RvVfBScET8KsoxBslshc2Z1OQ==&ptid=9slshUHzTHxaaYMVf6zKpJz3Q==&secid=FLIvly1a230LTslshi25yNEHA==&PG=6&IRP=0&isPndg=false
B. School Board Operations,BCAC,Special Meetings of the Board,P,02/12/2007,,https://simbli.eboardsolutions.com/Policy/ViewPolicy.aspx?S=36031793&revid=oUdbF3dq82yDfYfJFoNTwQ==&ptid=9slshUHzTHxaaYMVf6zKpJz3Q==&secid=FLIvly1a230LTslshi25yNEHA==&PG=6&IRP=0&isPndg=false
B. School Board Operations,BCAD,Teleconference or Video Board Meeting,P,07/26/2016,,https://simbli.eboardsolutions.com/Policy/ViewPolicy.aspx?S=36031793&revid=CzHtu6aVxfTduQe2bmzDzw==&ptid=9slshUHzTHxaaYMVf6zKpJz3Q==&secid=FLIvly1a230LTslshi25yNEHA==&PG=6&IRP=0&isPndg=false
B. School Board Operations,BCADA,Taping of Conferences and Hearings,P,07/26/2016,,https://simbli.eboardsolutions.com/Policy/ViewPolicy.aspx?S=36031793&revid=yk0TNz1Y9PeDqwGfVLsZ3g==&ptid=9slshUHzTHxaaYMVf6zKpJz3Q==&secid=FLIvly1a230LTslshi25yNEHA==&PG=6&IRP=0&isPndg=false
B. School Board Operations,BCAE,Public Hearings,P,07/26/2016,,https://simbli.eboardsolutions.com/Policy/ViewPolicy.aspx?S=36031793&revid=Mt2KaQd65ndYb9i3tAyHhw==&ptid=9slshUHzTHxaaYMVf6zKpJz3Q==&secid=FLIvly1a230LTslshi25yNEHA==&PG=6&IRP=0&isPndg=false
B. School Board Operations,BCAF,Public Comments at Board Meetings,P,07/26/2016,,https://simbli.eboardsolutions.com/Policy/ViewPolicy.aspx?S=36031793&revid=VnD19lYWJfZQN98vwFdslshUw==&ptid=9slshUHzTHxaaYMVf6zKpJz3Q==&secid=FLIvly1a230LTslshi25yNEHA==&PG=6&IRP=0&isPndg=false
B. School Board Operations,BCBA,Time and Place of Board Meetings,P,07/26/2016,,https://simbli.eboardsolutions.com/Policy/ViewPolicy.aspx?S=36031793&revid=Rv1BcHxFZNIDFRVWMJrSWA==&ptid=9slshUHzTHxaaYMVf6zKpJz3Q==&secid=FLIvly1a230LTslshi25yNEHA==&PG=6&IRP=0&isPndg=false
B. School Board Operations,BCBC,Board Meeting Preparation,P,07/26/2016,,https://simbli.eboardsolutions.com/Policy/ViewPolicy.aspx?S=36031793&revid=DHd2VB56iA1qb0ykfLOnjg==&ptid=9slshUHzTHxaaYMVf6zKpJz3Q==&secid=FLIvly1a230LTslshi25yNEHA==&PG=6&IRP=0&isPndg=false
B. School Board Operations,BCBCA,School Board Member Access to District Data,P,07/26/2016,,https://simbli.eboardsolutions.com/Policy/ViewPolicy.aspx?S=36031793&revid=RyDEdfLy6UynODjpslsh7okslshQ==&ptid=9slshUHzTHxaaYMVf6zKpJz3Q==&secid=FLIvly1a230LTslshi25yNEHA==&PG=6&IRP=0&isPndg=false
B. School Board Operations,BCBD,Board Meeting Agenda,P,08/01/2003,,https://simbli.eboardsolutions.com/Policy/ViewPolicy.aspx?S=36031793&revid=FDzlMggGhOO4k8k2kaPhLA==&ptid=9slshUHzTHxaaYMVf6zKpJz3Q==&secid=FLIvly1a230LTslshi25yNEHA==&PG=6&IRP=0&isPndg=false
B. School Board Operations,BCBE,Distribution of Board Meeting Materials,P,07/26/2016,,https://simbli.eboardsolutions.com/Policy/ViewPolicy.aspx?S=36031793&revid=nP939A8iDJxZPTthglqx6A==&ptid=9slshUHzTHxaaYMVf6zKpJz3Q==&secid=FLIvly1a230LTslshi25yNEHA==&PG=6&IRP=0&isPndg=false
B. School Board Operations,BCBF,Rules of Order of Board Meetings,P,10/16/2025,10/16/2025,https://simbli.eboardsolutions.com/Policy/ViewPolicy.aspx?S=36031793&revid=nEcVQmpoKj4Gkhf3n0UkNg==&ptid=9slshUHzTHxaaYMVf6zKpJz3Q==&secid=FLIvly1a230LTslshi25yNEHA==&PG=6&IRP=0&isPndg=false
B. School Board Operations,BCBFA,Quorum for Board Meetings,P,08/01/2003,,https://simbli.eboardsolutions.com/Policy/ViewPolicy.aspx?S=36031793&revid=vyDeU4h5lwE9lVbyk7wdIw==&ptid=9slshUHzTHxaaYMVf6zKpJz3Q==&secid=FLIvly1a230LTslshi25yNEHA==&PG=6&IRP=0&isPndg=false
B. School Board Operations,BCBFB,Suspension of Rules at Board Meetings,P,10/16/2025,10/16/2025,https://simbli.eboardsolutions.com/Policy/ViewPolicy.aspx?S=36031793&revid=BRO1brbSplusCOaM9Zh2SNmpg==&ptid=9slshUHzTHxaaYMVf6zKpJz3Q==&secid=FLIvly1a230LTslshi25yNEHA==&PG=6&IRP=0&isPndg=false
B. School Board Operations,BCBG,Voting Method at Board Meetings,P,07/26/2016,,https://simbli.eboardsolutions.com/Policy/ViewPolicy.aspx?S=36031793&revid=slsh7DL0Ooss4LVLUHVw9v3gQ==&ptid=9slshUHzTHxaaYMVf6zKpJz3Q==&secid=FLIvly1a230LTslshi25yNEHA==&PG=6&IRP=0&isPndg=false
B. School Board Operations,BCBH,Minutes of Board Meetings,P,07/26/2016,,https://simbli.eboardsolutions.com/Policy/ViewPolicy.aspx?S=36031793&revid=25shWQ3SKe4a24pw3Vslshf8A==&ptid=9slshUHzTHxaaYMVf6zKpJz3Q==&secid=FLIvly1a230LTslshi25yNEHA==&PG=6&IRP=0&isPndg=false
B. School Board Operations,BCBHA,Recording Board Action in Official Minutes,P,07/26/2016,,https://simbli.eboardsolutions.com/Policy/ViewPolicy.aspx?S=36031793&revid=ItOgA82eTmj6rqU43NMgZw==&ptid=9slshUHzTHxaaYMVf6zKpJz3Q==&secid=FLIvly1a230LTslshi25yNEHA==&PG=6&IRP=0&isPndg=false
B. School Board Operations,BCBI,Public Participation at Board Meetings,P,08/01/2003,,https://simbli.eboardsolutions.com/Policy/ViewPolicy.aspx?S=36031793&revid=plusqZmbdRW4CfGna9gABU1ww==&ptid=9slshUHzTHxaaYMVf6zKpJz3Q==&secid=FLIvly1a230LTslshi25yNEHA==&PG=6&IRP=0&isPndg=false
B. School Board Operations,BCBJ,Board Meeting News Coverage,P,07/26/2016,,https://simbli.eboardsolutions.com/Policy/ViewPolicy.aspx?S=36031793&revid=HPtXvFX4gslshxVRcS8rZmeDQ==&ptid=9slshUHzTHxaaYMVf6zKpJz3Q==&secid=FLIvly1a230LTslshi25yNEHA==&PG=6&IRP=0&isPndg=false
B. School Board Operations,BCBK,Executive Sessions,P,07/26/2016,,https://simbli.eboardsolutions.com/Policy/ViewPolicy.aspx?S=36031793&revid=nZ56bV3oBgaWDcWlUkI2oA==&ptid=9slshUHzTHxaaYMVf6zKpJz3Q==&secid=FLIvly1a230LTslshi25yNEHA==&PG=6&IRP=0&isPndg=false
B. School Board Operations,BCBL,Consent Agenda,P,02/12/2007,,https://simbli.eboardsolutions.com/Policy/ViewPolicy.aspx?S=36031793&revid=Ix1TPn6gde6NjuSBzH3TMA==&ptid=9slshUHzTHxaaYMVf6zKpJz3Q==&secid=FLIvly1a230LTslshi25yNEHA==&PG=6&IRP=0&isPndg=false
B. School Board Operations,BD,Board Policy Development,P,08/01/2003,,https://simbli.eboardsolutions.com/Policy/ViewPolicy.aspx?S=36031793&revid=F7Y7SdpluscufH4Crg2oV4jJg==&ptid=9slshUHzTHxaaYMVf6zKpJz3Q==&secid=FLIvly1a230LTslshi25yNEHA==&PG=6&IRP=0&isPndg=false
B. School Board Operations,BDA,Board Policy Implications of NCLB,P,07/26/2016,,https://simbli.eboardsolutions.com/Policy/ViewPolicy.aspx?S=36031793&revid=UZWHH0SwlbXb7LnrslshtOkplusg==&ptid=9slshUHzTHxaaYMVf6zKpJz3Q==&secid=FLIvly1a230LTslshi25yNEHA==&PG=6&IRP=0&isPndg=false
B. School Board Operations,BDB,Board Policy Drafting,P,08/01/2003,,https://simbli.eboardsolutions.com/Policy/ViewPolicy.aspx?S=36031793&revid=xLC4ExIpEYERFTAplusriU2nQ==&ptid=9slshUHzTHxaaYMVf6zKpJz3Q==&secid=FLIvly1a230LTslshi25yNEHA==&PG=6&IRP=0&isPndg=false
B. School Board Operations,BDC,Board Policy Adoption,P,12/10/2024,,https://simbli.eboardsolutions.com/Policy/ViewPolicy.aspx?S=36031793&revid=q9ccslshLxCjJ0ckrCd5OumcQ==&ptid=9slshUHzTHxaaYMVf6zKpJz3Q==&secid=FLIvly1a230LTslshi25yNEHA==&PG=6&IRP=0&isPndg=false
B. School Board Operations,BDD,Board Policy Dissemination,P,07/26/2016,,https://simbli.eboardsolutions.com/Policy/ViewPolicy.aspx?S=36031793&revid=lVHyhy78n6PslshptN46PbFZA==&ptid=9slshUHzTHxaaYMVf6zKpJz3Q==&secid=FLIvly1a230LTslshi25yNEHA==&PG=6&IRP=0&isPndg=false
B. School Board Operations,BDE,Review of Board Policy,P,07/26/2016,,https://simbli.eboardsolutions.com/Policy/ViewPolicy.aspx?S=36031793&revid=VPQtYqHFCdF0YT7bBd9Ftg==&ptid=9slshUHzTHxaaYMVf6zKpJz3Q==&secid=FLIvly1a230LTslshi25yNEHA==&PG=6&IRP=0&isPndg=false
B. School Board Operations,BDF,Review of Administrative Rules,P,07/26/2016,,https://simbli.eboardsolutions.com/Policy/ViewPolicy.aspx?S=36031793&revid=h0zgxcyKpbplusUoqpdslshRmcQg==&ptid=9slshUHzTHxaaYMVf6zKpJz3Q==&secid=FLIvly1a230LTslshi25yNEHA==&PG=6&IRP=0&isPndg=false
C. General School Administration,CA,General School Administration Goals and Objectives,P,07/26/2016,,https://simbli.eboardsolutions.com/Policy/ViewPolicy.aspx?S=36031793&revid=naZfWg37gyOT7b0bAvLung==&ptid=9slshUHzTHxaaYMVf6zKpJz3Q==&secid=slshEWxu3ROX8Xy8FCkuzrJ5A==&PG=6&IRP=0&isPndg=false
C. General School Administration,CB,Ethics,P,10/16/2025,10/16/2025,https://simbli.eboardsolutions.com/Policy/ViewPolicy.aspx?S=36031793&revid=zEl8kNJc2DKn1Jfk4kSrwA==&ptid=9slshUHzTHxaaYMVf6zKpJz3Q==&secid=slshEWxu3ROX8Xy8FCkuzrJ5A==&PG=6&IRP=0&isPndg=false
C. General School Administration,CBG,Administrative and Supervisory Personnel Positions,P,07/26/2016,,https://simbli.eboardsolutions.com/Policy/ViewPolicy.aspx?S=36031793&revid=ikqy4rNlLwpGSi1slsho4HdJg==&ptid=9slshUHzTHxaaYMVf6zKpJz3Q==&secid=slshEWxu3ROX8Xy8FCkuzrJ5A==&PG=6&IRP=0&isPndg=false
C. General School Administration,CC,Organization Charts,P,05/11/2006,,https://simbli.eboardsolutions.com/Policy/ViewPolicy.aspx?S=36031793&revid=FvMZmT8qdBplusijN8VHiRVRA==&ptid=9slshUHzTHxaaYMVf6zKpJz3Q==&secid=slshEWxu3ROX8Xy8FCkuzrJ5A==&PG=6&IRP=0&isPndg=false
C. General School Administration,CD,Line and Staff Relations,P,05/11/2006,,https://simbli.eboardsolutions.com/Policy/ViewPolicy.aspx?S=36031793&revid=glmnJEPR1Ku6beCvvfE1sg==&ptid=9slshUHzTHxaaYMVf6zKpJz3Q==&secid=slshEWxu3ROX8Xy8FCkuzrJ5A==&PG=6&IRP=0&isPndg=false
C. General School Administration,CE,School Superintendent,P,05/11/2006,,https://simbli.eboardsolutions.com/Policy/ViewPolicy.aspx?S=36031793&revid=1yoJGwJ6ryIupXwq7rUZcw==&ptid=9slshUHzTHxaaYMVf6zKpJz3Q==&secid=slshEWxu3ROX8Xy8FCkuzrJ5A==&PG=6&IRP=0&isPndg=false
C. General School Administration,CEA,Superintendent Qualifications,P,06/17/2019,,https://simbli.eboardsolutions.com/Policy/ViewPolicy.aspx?S=36031793&revid=G0vGacpBDeFcNGjjcbnifA==&ptid=9slshUHzTHxaaYMVf6zKpJz3Q==&secid=slshEWxu3ROX8Xy8FCkuzrJ5A==&PG=6&IRP=0&isPndg=false
C. General School Administration,CEB,Duties of Superintendent,P,08/01/2004,,https://simbli.eboardsolutions.com/Policy/ViewPolicy.aspx?S=36031793&revid=pp8ktqfR8Oa0tSaDXL3AGw==&ptid=9slshUHzTHxaaYMVf6zKpJz3Q==&secid=slshEWxu3ROX8Xy8FCkuzrJ5A==&PG=6&IRP=0&isPndg=false
C. General School Administration,CEC,Appointed Superintendent - Recruitment,P,05/11/2006,,https://simbli.eboardsolutions.com/Policy/ViewPolicy.aspx?S=36031793&revid=86QzwEcej2TriZWQG1tzVg==&ptid=9slshUHzTHxaaYMVf6zKpJz3Q==&secid=slshEWxu3ROX8Xy8FCkuzrJ5A==&PG=6&IRP=0&isPndg=false
C. General School Administration,CED,Appointed Superintendent - Appointment,P,05/11/2006,,https://simbli.eboardsolutions.com/Policy/ViewPolicy.aspx?S=36031793&revid=KAhu8hy7oSrZBQz7W1B0OA==&ptid=9slshUHzTHxaaYMVf6zKpJz3Q==&secid=slshEWxu3ROX8Xy8FCkuzrJ5A==&PG=6&IRP=0&isPndg=false
C. General School Administration,CEE,Superintendent Compensation and Benefits,P,06/11/2026,06/11/2026,https://simbli.eboardsolutions.com/Policy/ViewPolicy.aspx?S=36031793&revid=BzMh2op4iTF3a6VmAdGjQw==&ptid=9slshUHzTHxaaYMVf6zKpJz3Q==&secid=slshEWxu3ROX8Xy8FCkuzrJ5A==&PG=6&IRP=0&isPndg=false
C. General School Administration,CEF,Superintendent Expenses,P,05/11/2006,,https://simbli.eboardsolutions.com/Policy/ViewPolicy.aspx?S=36031793&revid=vV2GLRm4pNc71CiJfI8xaw==&ptid=9slshUHzTHxaaYMVf6zKpJz3Q==&secid=slshEWxu3ROX8Xy8FCkuzrJ5A==&PG=6&IRP=0&isPndg=false
C. General School Administration,CEG,Superintendent Professional Development Opportunities,P,05/11/2006,,https://simbli.eboardsolutions.com/Policy/ViewPolicy.aspx?S=36031793&revid=vgslshM4PeT2plusVJ6It9ciMrfg==&ptid=9slshUHzTHxaaYMVf6zKpJz3Q==&secid=slshEWxu3ROX8Xy8FCkuzrJ5A==&PG=6&IRP=0&isPndg=false
C. General School Administration,CEH,Superintendent Consulting,P,07/26/2016,,https://simbli.eboardsolutions.com/Policy/ViewPolicy.aspx?S=36031793&revid=7M7Bplusge3y2T7Ogwbt4mTeQ==&ptid=9slshUHzTHxaaYMVf6zKpJz3Q==&secid=slshEWxu3ROX8Xy8FCkuzrJ5A==&PG=6&IRP=0&isPndg=false
C. General School Administration,CEI,Superintendent Evaluation,P,02/12/2007,,https://simbli.eboardsolutions.com/Policy/ViewPolicy.aspx?S=36031793&revid=EPslshxdnS9AZK6prD1qRiGyQ==&ptid=9slshUHzTHxaaYMVf6zKpJz3Q==&secid=slshEWxu3ROX8Xy8FCkuzrJ5A==&PG=6&IRP=0&isPndg=false
C. General School Administration,CEJ,Appointed Superintendent Separation,P,07/26/2016,,https://simbli.eboardsolutions.com/Policy/ViewPolicy.aspx?S=36031793&revid=ZCz1QHQW1GwDLudXG3Uslsh8w==&ptid=9slshUHzTHxaaYMVf6zKpJz3Q==&secid=slshEWxu3ROX8Xy8FCkuzrJ5A==&PG=6&IRP=0&isPndg=false
C. General School Administration,CEK,Superintendent Resignation,P,07/26/2016,,https://simbli.eboardsolutions.com/Policy/ViewPolicy.aspx?S=36031793&revid=vKLplusL60plusQWslsh47iYJz3eslshsQ==&ptid=9slshUHzTHxaaYMVf6zKpJz3Q==&secid=slshEWxu3ROX8Xy8FCkuzrJ5A==&PG=6&IRP=0&isPndg=false
C. General School Administration,CEL,Superintendent Retirement,P,07/26/2016,,https://simbli.eboardsolutions.com/Policy/ViewPolicy.aspx?S=36031793&revid=gsplusslshozrh56O8D4Hh4sNJ5Q==&ptid=9slshUHzTHxaaYMVf6zKpJz3Q==&secid=slshEWxu3ROX8Xy8FCkuzrJ5A==&PG=6&IRP=0&isPndg=false
C. General School Administration,CEM,Superintendent - Bond,P,02/12/2007,,https://simbli.eboardsolutions.com/Policy/ViewPolicy.aspx?S=36031793&revid=aBmcVwGOb0hHpnEslshy59XOw==&ptid=9slshUHzTHxaaYMVf6zKpJz3Q==&secid=slshEWxu3ROX8Xy8FCkuzrJ5A==&PG=6&IRP=0&isPndg=false
C. General School Administration,CG,Administrative Personnel,P,07/26/2016,,https://simbli.eboardsolutions.com/Policy/ViewPolicy.aspx?S=36031793&revid=aeUDL9LHo967WGsOQplusiQKg==&ptid=9slshUHzTHxaaYMVf6zKpJz3Q==&secid=slshEWxu3ROX8Xy8FCkuzrJ5A==&PG=6&IRP=0&isPndg=false
C. General School Administration,CGA,Administrative Personnel Compensation Guides and Contracts,P,06/30/2026,06/30/2026,https://simbli.eboardsolutions.com/Policy/ViewPolicy.aspx?S=36031793&revid=hqTwe67Vdj4pv9dnvAsplusEQ==&ptid=9slshUHzTHxaaYMVf6zKpJz3Q==&secid=slshEWxu3ROX8Xy8FCkuzrJ5A==&PG=6&IRP=0&isPndg=false
C. General School Administration,CGD,Administrative Personnel Hiring,P,12/10/2024,,https://simbli.eboardsolutions.com/Policy/ViewPolicy.aspx?S=36031793&revid=IMmoLqg5DrcDrplusk1oiYPLg==&ptid=9slshUHzTHxaaYMVf6zKpJz3Q==&secid=slshEWxu3ROX8Xy8FCkuzrJ5A==&PG=6&IRP=0&isPndg=false
C. General School Administration,CGE,Administrative Personnel Assignment,P,07/26/2016,,https://simbli.eboardsolutions.com/Policy/ViewPolicy.aspx?S=36031793&revid=PjprX2ivxjPFAV502bZ5Sw==&ptid=9slshUHzTHxaaYMVf6zKpJz3Q==&secid=slshEWxu3ROX8Xy8FCkuzrJ5A==&PG=6&IRP=0&isPndg=false
C. General School Administration,CGJ,Administrative Personnel Promotions,P,12/10/2024,,https://simbli.eboardsolutions.com/Policy/ViewPolicy.aspx?S=36031793&revid=fhCslshlhtA3dTyrFlXPgj4kw==&ptid=9slshUHzTHxaaYMVf6zKpJz3Q==&secid=slshEWxu3ROX8Xy8FCkuzrJ5A==&PG=6&IRP=0&isPndg=false
C. General School Administration,CGL,Administrative Personnel Reassignment,P,07/26/2016,,https://simbli.eboardsolutions.com/Policy/ViewPolicy.aspx?S=36031793&revid=JecglaadsegUIQe5thdlig==&ptid=9slshUHzTHxaaYMVf6zKpJz3Q==&secid=slshEWxu3ROX8Xy8FCkuzrJ5A==&PG=6&IRP=0&isPndg=false
C. General School Administration,CGM,Administrative Personnel Separation,P,07/26/2016,,https://simbli.eboardsolutions.com/Policy/ViewPolicy.aspx?S=36031793&revid=3VwwnE3jhPmWulslsh98ehLeg==&ptid=9slshUHzTHxaaYMVf6zKpJz3Q==&secid=slshEWxu3ROX8Xy8FCkuzrJ5A==&PG=6&IRP=0&isPndg=false
C. General School Administration,CGN,Administrative Personnel Resignation,P,07/26/2016,,https://simbli.eboardsolutions.com/Policy/ViewPolicy.aspx?S=36031793&revid=kcPxM3TTA7GwNGas4FEydw==&ptid=9slshUHzTHxaaYMVf6zKpJz3Q==&secid=slshEWxu3ROX8Xy8FCkuzrJ5A==&PG=6&IRP=0&isPndg=false
C. General School Administration,CGO,Administrative Personnel Retirement,P,07/26/2016,,https://simbli.eboardsolutions.com/Policy/ViewPolicy.aspx?S=36031793&revid=MPICgiCpyOW6hrq85Fbviw==&ptid=9slshUHzTHxaaYMVf6zKpJz3Q==&secid=slshEWxu3ROX8Xy8FCkuzrJ5A==&PG=6&IRP=0&isPndg=false
C. General School Administration,CGPB,Administrative Personnel Time Schedules,P,07/26/2016,,https://simbli.eboardsolutions.com/Policy/ViewPolicy.aspx?S=36031793&revid=yOVhS22v1DXHXAxIvplusHosw==&ptid=9slshUHzTHxaaYMVf6zKpJz3Q==&secid=slshEWxu3ROX8Xy8FCkuzrJ5A==&PG=6&IRP=0&isPndg=false
C. General School Administration,CGPD,Administrative Personnel Expenses,P,07/26/2016,,https://simbli.eboardsolutions.com/Policy/ViewPolicy.aspx?S=36031793&revid=Jsslshtl4o6H4xGtz9OjjyXbg==&ptid=9slshUHzTHxaaYMVf6zKpJz3Q==&secid=slshEWxu3ROX8Xy8FCkuzrJ5A==&PG=6&IRP=0&isPndg=false
C. General School Administration,CGPF,Administrative Personnel Professional Leaves and Absences,P,07/26/2016,,https://simbli.eboardsolutions.com/Policy/ViewPolicy.aspx?S=36031793&revid=slshIwNWcFJ2GdPTI0bm6myDw==&ptid=9slshUHzTHxaaYMVf6zKpJz3Q==&secid=slshEWxu3ROX8Xy8FCkuzrJ5A==&PG=6&IRP=0&isPndg=false
C. General School Administration,CK,Administrative Personnel Professional Development,P,07/26/2016,,https://simbli.eboardsolutions.com/Policy/ViewPolicy.aspx?S=36031793&revid=KqBdGUSqKWplusWZn6BBdKVsg==&ptid=9slshUHzTHxaaYMVf6zKpJz3Q==&secid=slshEWxu3ROX8Xy8FCkuzrJ5A==&PG=6&IRP=0&isPndg=false
C. General School Administration,CL,Administrative Personnel Councils,P,07/26/2016,,https://simbli.eboardsolutions.com/Policy/ViewPolicy.aspx?S=36031793&revid=nwaPfGTKqpN123EuYBlqbA==&ptid=9slshUHzTHxaaYMVf6zKpJz3Q==&secid=slshEWxu3ROX8Xy8FCkuzrJ5A==&PG=6&IRP=0&isPndg=false
C. General School Administration,CMA,Administrative Rules,P,07/26/2016,,https://simbli.eboardsolutions.com/Policy/ViewPolicy.aspx?S=36031793&revid=RkZhylc96K930ohhUO1FSw==&ptid=9slshUHzTHxaaYMVf6zKpJz3Q==&secid=slshEWxu3ROX8Xy8FCkuzrJ5A==&PG=6&IRP=0&isPndg=false
C. General School Administration,CN,Administrative Records,P,07/26/2016,,https://simbli.eboardsolutions.com/Policy/ViewPolicy.aspx?S=36031793&revid=ZNawZplusp62iGXdo3zzcnTplusw==&ptid=9slshUHzTHxaaYMVf6zKpJz3Q==&secid=slshEWxu3ROX8Xy8FCkuzrJ5A==&PG=6&IRP=0&isPndg=false
C. General School Administration,CNA,Access to Public Records,P,07/21/2025,07/21/2025,https://simbli.eboardsolutions.com/Policy/ViewPolicy.aspx?S=36031793&revid=wT4Vk3nKP1rYdKX5qRdMDA==&ptid=9slshUHzTHxaaYMVf6zKpJz3Q==&secid=slshEWxu3ROX8Xy8FCkuzrJ5A==&PG=6&IRP=0&isPndg=false
C. General School Administration,CO,Administrative Reports,P,07/26/2016,,https://simbli.eboardsolutions.com/Policy/ViewPolicy.aspx?S=36031793&revid=5gPnNSDsJpfvNvl6Xguemg==&ptid=9slshUHzTHxaaYMVf6zKpJz3Q==&secid=slshEWxu3ROX8Xy8FCkuzrJ5A==&PG=6&IRP=0&isPndg=false
C. General School Administration,CPL,School Counselors,P,06/11/2026,06/11/2026,https://simbli.eboardsolutions.com/Policy/ViewPolicy.aspx?S=36031793&revid=6BDxufdPzqH6tmMOnPv0tA==&ptid=9slshUHzTHxaaYMVf6zKpJz3Q==&secid=slshEWxu3ROX8Xy8FCkuzrJ5A==&PG=6&IRP=0&isPndg=false
D. Fiscal Management,DA,Fiscal Management Goals and Objectives,P,02/12/2007,,https://simbli.eboardsolutions.com/Policy/ViewPolicy.aspx?S=36031793&revid=JcVzsB9VOEGDplusH1t2CCBFA==&ptid=9slshUHzTHxaaYMVf6zKpJz3Q==&secid=UbQL1xGtQpuhwEoCYu2lOw==&PG=6&IRP=0&isPndg=false
D. Fiscal Management,DC,Annual Operating Budget,P,07/26/2016,,https://simbli.eboardsolutions.com/Policy/ViewPolicy.aspx?S=36031793&revid=WMyqWuZPDUAyfw0E4xmrZQ==&ptid=9slshUHzTHxaaYMVf6zKpJz3Q==&secid=UbQL1xGtQpuhwEoCYu2lOw==&PG=6&IRP=0&isPndg=false
D. Fiscal Management,DCB,Fiscal Year / Scholastic Year,P,07/26/2016,,https://simbli.eboardsolutions.com/Policy/ViewPolicy.aspx?S=36031793&revid=QrNpxpYeL1UZVZCjjSvUSA==&ptid=9slshUHzTHxaaYMVf6zKpJz3Q==&secid=UbQL1xGtQpuhwEoCYu2lOw==&PG=6&IRP=0&isPndg=false
D. Fiscal Management,DCH,Periodic Budget Reconciliation,P,12/10/2024,,https://simbli.eboardsolutions.com/Policy/ViewPolicy.aspx?S=36031793&revid=FQznyubmSvQslshBLMeCcH9Hw==&ptid=9slshUHzTHxaaYMVf6zKpJz3Q==&secid=UbQL1xGtQpuhwEoCYu2lOw==&PG=6&IRP=0&isPndg=false
D. Fiscal Management,DEEA,Timekeeping - Time and Effort,P,11/15/2004,,https://simbli.eboardsolutions.com/Policy/ViewPolicy.aspx?S=36031793&revid=esrUKYDOxn0UmqipslshDKuxg==&ptid=9slshUHzTHxaaYMVf6zKpJz3Q==&secid=UbQL1xGtQpuhwEoCYu2lOw==&PG=6&IRP=0&isPndg=false
D. Fiscal Management,DFA,Local Tax Revenues,P,08/11/2020,,https://simbli.eboardsolutions.com/Policy/ViewPolicy.aspx?S=36031793&revid=yweFWBQC5OqslshvlP3Pf3L4w==&ptid=9slshUHzTHxaaYMVf6zKpJz3Q==&secid=UbQL1xGtQpuhwEoCYu2lOw==&PG=6&IRP=0&isPndg=false
D. Fiscal Management,DFCAA,Federal Loans and Grants,P,09/27/2017,,https://simbli.eboardsolutions.com/Policy/ViewPolicy.aspx?S=36031793&revid=wjzb3j6MAHRuPRcKhmWtnw==&ptid=9slshUHzTHxaaYMVf6zKpJz3Q==&secid=UbQL1xGtQpuhwEoCYu2lOw==&PG=6&IRP=0&isPndg=false
D. Fiscal Management,DFCAAA,Restrictions on Use of Federal Funds,P,07/26/2016,,https://simbli.eboardsolutions.com/Policy/ViewPolicy.aspx?S=36031793&revid=slshKMdcx1sGf3Fa5nELtH7rQ==&ptid=9slshUHzTHxaaYMVf6zKpJz3Q==&secid=UbQL1xGtQpuhwEoCYu2lOw==&PG=6&IRP=0&isPndg=false
D. Fiscal Management,DFD,Bond Sales,P,08/11/2020,,https://simbli.eboardsolutions.com/Policy/ViewPolicy.aspx?S=36031793&revid=4vslshnA4LSEslshxGgTLbWgTeYw==&ptid=9slshUHzTHxaaYMVf6zKpJz3Q==&secid=UbQL1xGtQpuhwEoCYu2lOw==&PG=6&IRP=0&isPndg=false
D. Fiscal Management,DFL,Investment Earnings,P,07/26/2016,,https://simbli.eboardsolutions.com/Policy/ViewPolicy.aspx?S=36031793&revid=TrMWPuWTvsNFE6xYgF3gpA==&ptid=9slshUHzTHxaaYMVf6zKpJz3Q==&secid=UbQL1xGtQpuhwEoCYu2lOw==&PG=6&IRP=0&isPndg=false
D. Fiscal Management,DG,Depository of Funds,P,12/10/2024,,https://simbli.eboardsolutions.com/Policy/ViewPolicy.aspx?S=36031793&revid=tUcuaSnvbDpluspQVC2s5gzEA==&ptid=9slshUHzTHxaaYMVf6zKpJz3Q==&secid=UbQL1xGtQpuhwEoCYu2lOw==&PG=6&IRP=0&isPndg=false
D. Fiscal Management,DGA,Fund Balance (GASB 54),P,02/12/2007,,https://simbli.eboardsolutions.com/Policy/ViewPolicy.aspx?S=36031793&revid=XtePpluszigrIypXRzplusARXRplusQ==&ptid=9slshUHzTHxaaYMVf6zKpJz3Q==&secid=UbQL1xGtQpuhwEoCYu2lOw==&PG=6&IRP=0&isPndg=false
D. Fiscal Management,DGBA,Non-Sufficient Funds Check Collections,P,08/14/2001,,https://simbli.eboardsolutions.com/Policy/ViewPolicy.aspx?S=36031793&revid=vQplusOyHbpQfLO6M27pluscdQdQ==&ptid=9slshUHzTHxaaYMVf6zKpJz3Q==&secid=UbQL1xGtQpuhwEoCYu2lOw==&PG=6&IRP=0&isPndg=false
D. Fiscal Management,DH,Bonded Employees and Board Members,P,07/26/2016,,https://simbli.eboardsolutions.com/Policy/ViewPolicy.aspx?S=36031793&revid=mRyC4OemGWTUuPIPAbNIJA==&ptid=9slshUHzTHxaaYMVf6zKpJz3Q==&secid=UbQL1xGtQpuhwEoCYu2lOw==&PG=6&IRP=0&isPndg=false
D. Fiscal Management,DIAB,Internal Control of Cash Receipts,P,07/26/2016,,https://simbli.eboardsolutions.com/Policy/ViewPolicy.aspx?S=36031793&revid=oOdP265XVuv2Iybl0CZzdw==&ptid=9slshUHzTHxaaYMVf6zKpJz3Q==&secid=UbQL1xGtQpuhwEoCYu2lOw==&PG=6&IRP=0&isPndg=false
D. Fiscal Management,DIB,Financial Reports and Statements,P,02/12/2007,,https://simbli.eboardsolutions.com/Policy/ViewPolicy.aspx?S=36031793&revid=pluswKlhj6plushOyHslshy0FrfK4qA==&ptid=9slshUHzTHxaaYMVf6zKpJz3Q==&secid=UbQL1xGtQpuhwEoCYu2lOw==&PG=6&IRP=0&isPndg=false
D. Fiscal Management,DID,Audits,P,12/10/2024,,https://simbli.eboardsolutions.com/Policy/ViewPolicy.aspx?S=36031793&revid=0avYhOirxaA3637rBWlplus1g==&ptid=9slshUHzTHxaaYMVf6zKpJz3Q==&secid=UbQL1xGtQpuhwEoCYu2lOw==&PG=6&IRP=0&isPndg=false
D. Fiscal Management,DIDA,Disposal of Financial Records,P,10/16/2025,10/16/2025,https://simbli.eboardsolutions.com/Policy/ViewPolicy.aspx?S=36031793&revid=mFfFyfuFwwplusXXYiG84STzQ==&ptid=9slshUHzTHxaaYMVf6zKpJz3Q==&secid=UbQL1xGtQpuhwEoCYu2lOw==&PG=6&IRP=0&isPndg=false
D. Fiscal Management,DJ,Expenditure of Funds,P,12/10/2024,,https://simbli.eboardsolutions.com/Policy/ViewPolicy.aspx?S=36031793&revid=mZsQr7Eq4385wol1xdjkNw==&ptid=9slshUHzTHxaaYMVf6zKpJz3Q==&secid=UbQL1xGtQpuhwEoCYu2lOw==&PG=6&IRP=0&isPndg=false
D. Fiscal Management,DJAA,Authorized Signatures,P,07/26/2016,,https://simbli.eboardsolutions.com/Policy/ViewPolicy.aspx?S=36031793&revid=v7aZ6Oj18slsh5vVKEQCRPJWA==&ptid=9slshUHzTHxaaYMVf6zKpJz3Q==&secid=UbQL1xGtQpuhwEoCYu2lOw==&PG=6&IRP=0&isPndg=false
D. Fiscal Management,DJC,Payroll Procedure,P,06/11/2026,06/11/2026,https://simbli.eboardsolutions.com/Policy/ViewPolicy.aspx?S=36031793&revid=plusa0BUl3yTj9ggWT1Jty1fg==&ptid=9slshUHzTHxaaYMVf6zKpJz3Q==&secid=UbQL1xGtQpuhwEoCYu2lOw==&PG=6&IRP=0&isPndg=false
D. Fiscal Management,DJDAA,Travel Reimbursements,P,07/26/2016,,https://simbli.eboardsolutions.com/Policy/ViewPolicy.aspx?S=36031793&revid=IwCOv32UO7Y9KElawgaeOQ==&ptid=9slshUHzTHxaaYMVf6zKpJz3Q==&secid=UbQL1xGtQpuhwEoCYu2lOw==&PG=6&IRP=0&isPndg=false
D. Fiscal Management,DJEC,Federal Purchasing and Procurement,P,06/11/2026,06/11/2026,https://simbli.eboardsolutions.com/Policy/ViewPolicy.aspx?S=36031793&revid=qz9B7WJpluscfMEgtigryZH1Q==&ptid=9slshUHzTHxaaYMVf6zKpJz3Q==&secid=UbQL1xGtQpuhwEoCYu2lOw==&PG=6&IRP=0&isPndg=false
D. Fiscal Management,DJED,Bids and Quotations,P,02/12/2007,,https://simbli.eboardsolutions.com/Policy/ViewPolicy.aspx?S=36031793&revid=Va9VIEQHTgxA3e4tHFAvpg==&ptid=9slshUHzTHxaaYMVf6zKpJz3Q==&secid=UbQL1xGtQpuhwEoCYu2lOw==&PG=6&IRP=0&isPndg=false
D. Fiscal Management,DJEDD,Bid Protest Policy,P,08/11/2020,,https://simbli.eboardsolutions.com/Policy/ViewPolicy.aspx?S=36031793&revid=YfwksF3OIGGSbyIhfl6O2w==&ptid=9slshUHzTHxaaYMVf6zKpJz3Q==&secid=UbQL1xGtQpuhwEoCYu2lOw==&PG=6&IRP=0&isPndg=false
D. Fiscal Management,DJEGD,State Contracts,P,07/26/2016,,https://simbli.eboardsolutions.com/Policy/ViewPolicy.aspx?S=36031793&revid=Ie6J4Byjkzyc6b2kAplusXCEA==&ptid=9slshUHzTHxaaYMVf6zKpJz3Q==&secid=UbQL1xGtQpuhwEoCYu2lOw==&PG=6&IRP=0&isPndg=false
D. Fiscal Management,DJEI,Vendor Relations,P,06/01/2011,,https://simbli.eboardsolutions.com/Policy/ViewPolicy.aspx?S=36031793&revid=ECXslsh9XDpfF7uTxc7lqZXNA==&ptid=9slshUHzTHxaaYMVf6zKpJz3Q==&secid=UbQL1xGtQpuhwEoCYu2lOw==&PG=6&IRP=0&isPndg=false
D. Fiscal Management,DJEIB,Acceptance of Gifts From Vendors or Suppliers,P,08/11/2020,,https://simbli.eboardsolutions.com/Policy/ViewPolicy.aspx?S=36031793&revid=4NPXopSLJxBFd5g6y3JPKA==&ptid=9slshUHzTHxaaYMVf6zKpJz3Q==&secid=UbQL1xGtQpuhwEoCYu2lOw==&PG=6&IRP=0&isPndg=false
D. Fiscal Management,DJER,Purchasing - Purchase Order Requirements,P,02/12/2007,,https://simbli.eboardsolutions.com/Policy/ViewPolicy.aspx?S=36031793&revid=plusMZLslshfU4FLOxvFcCj1nziw==&ptid=9slshUHzTHxaaYMVf6zKpJz3Q==&secid=UbQL1xGtQpuhwEoCYu2lOw==&PG=6&IRP=0&isPndg=false
D. Fiscal Management,DJI,Use of District Credit Cards,P,09/17/2021,,https://simbli.eboardsolutions.com/Policy/ViewPolicy.aspx?S=36031793&revid=wzGK8ItgLXn8Pdo04dJ5tQ==&ptid=9slshUHzTHxaaYMVf6zKpJz3Q==&secid=UbQL1xGtQpuhwEoCYu2lOw==&PG=6&IRP=0&isPndg=false
D. Fiscal Management,DK,Student Activities Fund Management,P,10/09/2024,,https://simbli.eboardsolutions.com/Policy/ViewPolicy.aspx?S=36031793&revid=JKplusetAMGKv1SttBZ2povNg==&ptid=9slshUHzTHxaaYMVf6zKpJz3Q==&secid=UbQL1xGtQpuhwEoCYu2lOw==&PG=6&IRP=0&isPndg=false
D. Fiscal Management,DKAB,Fundraising Tax Exemption for School Affiliated Organizations,P,07/26/2016,,https://simbli.eboardsolutions.com/Policy/ViewPolicy.aspx?S=36031793&revid=wJcPOo0t7fd3uuoOWd9slshUA==&ptid=9slshUHzTHxaaYMVf6zKpJz3Q==&secid=UbQL1xGtQpuhwEoCYu2lOw==&PG=6&IRP=0&isPndg=false
D. Fiscal Management,DM,Fixed Assets Policy,P,02/12/2007,,https://simbli.eboardsolutions.com/Policy/ViewPolicy.aspx?S=36031793&revid=76oHxyvWtu0plusk8156VWgkw==&ptid=9slshUHzTHxaaYMVf6zKpJz3Q==&secid=UbQL1xGtQpuhwEoCYu2lOw==&PG=6&IRP=0&isPndg=false
D. Fiscal Management,DO,School Properties Disposal Procedure,P,07/26/2016,,https://simbli.eboardsolutions.com/Policy/ViewPolicy.aspx?S=36031793&revid=27Dco7jftdIbQXecyKSnXA==&ptid=9slshUHzTHxaaYMVf6zKpJz3Q==&secid=UbQL1xGtQpuhwEoCYu2lOw==&PG=6&IRP=0&isPndg=false
D. Fiscal Management,DPB,Gifts and Bequests to School District / Donated Assets,P,07/26/2016,,https://simbli.eboardsolutions.com/Policy/ViewPolicy.aspx?S=36031793&revid=77rfuwKRxhDXeosB6vtL0g==&ptid=9slshUHzTHxaaYMVf6zKpJz3Q==&secid=UbQL1xGtQpuhwEoCYu2lOw==&PG=6&IRP=0&isPndg=false
E. Business Management,EB,Building and Grounds Management,P,02/12/2007,,https://simbli.eboardsolutions.com/Policy/ViewPolicy.aspx?S=36031793&revid=1yWPnUFMnCRJbwRplusMzlLkw==&ptid=9slshUHzTHxaaYMVf6zKpJz3Q==&secid=dl98vahpaBjgELwMl2yfzA==&PG=6&IRP=0&isPndg=false
E. Business Management,EBAD,Tobacco Free District,P,02/12/2007,,https://simbli.eboardsolutions.com/Policy/ViewPolicy.aspx?S=36031793&revid=SMl6tgKdIFoUNCcves2HmQ==&ptid=9slshUHzTHxaaYMVf6zKpJz3Q==&secid=dl98vahpaBjgELwMl2yfzA==&PG=6&IRP=0&isPndg=false
E. Business Management,EBBA,School Safety Plan,P,10/16/2025,10/16/2025,https://simbli.eboardsolutions.com/Policy/ViewPolicy.aspx?S=36031793&revid=83KBhhRXisEAedlA0nplusplusfg==&ptid=9slshUHzTHxaaYMVf6zKpJz3Q==&secid=dl98vahpaBjgELwMl2yfzA==&PG=6&IRP=0&isPndg=false
E. Business Management,EBBAA,Staff Identification Badges,P,07/26/2016,,https://simbli.eboardsolutions.com/Policy/ViewPolicy.aspx?S=36031793&revid=PmcGK0FJDW7VsffJbPplusTAw==&ptid=9slshUHzTHxaaYMVf6zKpJz3Q==&secid=dl98vahpaBjgELwMl2yfzA==&PG=6&IRP=0&isPndg=false
E. Business Management,EBBAB,Sex Offender,P,07/26/2016,,https://simbli.eboardsolutions.com/Policy/ViewPolicy.aspx?S=36031793&revid=VyHr11qjY91DeNScVvmbyw==&ptid=9slshUHzTHxaaYMVf6zKpJz3Q==&secid=dl98vahpaBjgELwMl2yfzA==&PG=6&IRP=0&isPndg=false
E. Business Management,EBBABB,Prohibition Against Aiding and Abetting Sex Offenders in Obtaining Employment,P,01/13/2017,,https://simbli.eboardsolutions.com/Policy/ViewPolicy.aspx?S=36031793&revid=w2KJ1lzu02NY22NToeajAw==&ptid=9slshUHzTHxaaYMVf6zKpJz3Q==&secid=dl98vahpaBjgELwMl2yfzA==&PG=6&IRP=0&isPndg=false
E. Business Management,EBBAD,School Occupational Safety and Crisis Response Plan,P,07/26/2016,,https://simbli.eboardsolutions.com/Policy/ViewPolicy.aspx?S=36031793&revid=HydCbQsswPkcuCKmslsh7oplusXg==&ptid=9slshUHzTHxaaYMVf6zKpJz3Q==&secid=dl98vahpaBjgELwMl2yfzA==&PG=6&IRP=0&isPndg=false
E. Business Management,EBBAG,Cardiac Emergency Response Plan,P,12/10/2024,,https://simbli.eboardsolutions.com/Policy/ViewPolicy.aspx?S=36031793&revid=BYXvB93oapZVzelUwxKYaQ==&ptid=9slshUHzTHxaaYMVf6zKpJz3Q==&secid=dl98vahpaBjgELwMl2yfzA==&PG=6&IRP=0&isPndg=false
E. Business Management,EBBC,Emergency Drills,P,07/26/2016,,https://simbli.eboardsolutions.com/Policy/ViewPolicy.aspx?S=36031793&revid=ozeBSwrc8AYbZHo9zQ11UQ==&ptid=9slshUHzTHxaaYMVf6zKpJz3Q==&secid=dl98vahpaBjgELwMl2yfzA==&PG=6&IRP=0&isPndg=false
E. Business Management,EBBD,Emergency Closings,P,12/10/2024,,https://simbli.eboardsolutions.com/Policy/ViewPolicy.aspx?S=36031793&revid=ILP0YBvM93pbplusv8ZDgnSplusA==&ptid=9slshUHzTHxaaYMVf6zKpJz3Q==&secid=dl98vahpaBjgELwMl2yfzA==&PG=6&IRP=0&isPndg=false
E. Business Management,EBC,Security,P,07/26/2016,,https://simbli.eboardsolutions.com/Policy/ViewPolicy.aspx?S=36031793&revid=0XGe5dvuslshVqNhezzQ0poBQ==&ptid=9slshUHzTHxaaYMVf6zKpJz3Q==&secid=dl98vahpaBjgELwMl2yfzA==&PG=6&IRP=0&isPndg=false
E. Business Management,EBGA,Public School Grounds Maintenance/School Bus Turnaround,P,07/26/2016,,https://simbli.eboardsolutions.com/Policy/ViewPolicy.aspx?S=36031793&revid=NAkk3Ue0SsVbvzNtau0MtA==&ptid=9slshUHzTHxaaYMVf6zKpJz3Q==&secid=dl98vahpaBjgELwMl2yfzA==&PG=6&IRP=0&isPndg=false
E. Business Management,EBHA,Use of School Property,P,05/09/1995,,https://simbli.eboardsolutions.com/Policy/ViewPolicy.aspx?S=36031793&revid=8cSyFa2XlTXLg7oLrgQdiA==&ptid=9slshUHzTHxaaYMVf6zKpJz3Q==&secid=dl98vahpaBjgELwMl2yfzA==&PG=6&IRP=0&isPndg=false
E. Business Management,EBI,Long Range Maintenance of Buildings or Grounds,P,07/26/2016,,https://simbli.eboardsolutions.com/Policy/ViewPolicy.aspx?S=36031793&revid=KzTRodrqOZO3e4T2GsUmPA==&ptid=9slshUHzTHxaaYMVf6zKpJz3Q==&secid=dl98vahpaBjgELwMl2yfzA==&PG=6&IRP=0&isPndg=false
E. Business Management,ECBA,Vandalism,P,02/12/2007,,https://simbli.eboardsolutions.com/Policy/ViewPolicy.aspx?S=36031793&revid=1oCYe1b9XOqobNlvYPYSeA==&ptid=9slshUHzTHxaaYMVf6zKpJz3Q==&secid=dl98vahpaBjgELwMl2yfzA==&PG=6&IRP=0&isPndg=false
E. Business Management,ED,Bus Drivers,P,07/26/2016,,https://simbli.eboardsolutions.com/Policy/ViewPolicy.aspx?S=36031793&revid=sdPVRKG2r6plusFgA0DplusywH8A==&ptid=9slshUHzTHxaaYMVf6zKpJz3Q==&secid=dl98vahpaBjgELwMl2yfzA==&PG=6&IRP=0&isPndg=false
E. Business Management,EDA,Student Transportation,P,02/12/2007,,https://simbli.eboardsolutions.com/Policy/ViewPolicy.aspx?S=36031793&revid=Z8ciCo9zqKmcLslsh6U6jRhCA==&ptid=9slshUHzTHxaaYMVf6zKpJz3Q==&secid=dl98vahpaBjgELwMl2yfzA==&PG=6&IRP=0&isPndg=false
E. Business Management,EDAAA,School District Identification on School Buses,P,07/26/2016,,https://simbli.eboardsolutions.com/Policy/ViewPolicy.aspx?S=36031793&revid=H6BVX4Da49plus9JOAif0vujQ==&ptid=9slshUHzTHxaaYMVf6zKpJz3Q==&secid=dl98vahpaBjgELwMl2yfzA==&PG=6&IRP=0&isPndg=false
E. Business Management,EDAE,Use of Private Vehicles for School Purposes,P,07/26/2016,,https://simbli.eboardsolutions.com/Policy/ViewPolicy.aspx?S=36031793&revid=JmwQF3uplusplusR1f2f9l3lxTPQ==&ptid=9slshUHzTHxaaYMVf6zKpJz3Q==&secid=dl98vahpaBjgELwMl2yfzA==&PG=6&IRP=0&isPndg=false
E. Business Management,EDAF,School Bus Turnaround,P,07/26/2016,,https://simbli.eboardsolutions.com/Policy/ViewPolicy.aspx?S=36031793&revid=OPezA7R4W0QnnwwCTLaYsQ==&ptid=9slshUHzTHxaaYMVf6zKpJz3Q==&secid=dl98vahpaBjgELwMl2yfzA==&PG=6&IRP=0&isPndg=false
E. Business Management,EDAGA,Use of District Owned Vehicles,P,02/12/2007,,https://simbli.eboardsolutions.com/Policy/ViewPolicy.aspx?S=36031793&revid=dPaML7O7hwaUBU033plusu3pg==&ptid=9slshUHzTHxaaYMVf6zKpJz3Q==&secid=dl98vahpaBjgELwMl2yfzA==&PG=6&IRP=0&isPndg=false
E. Business Management,EDC,Bus Safety Program,P,07/26/2016,,https://simbli.eboardsolutions.com/Policy/ViewPolicy.aspx?S=36031793&revid=dn69OCQ24zRTCziaSoqJXQ==&ptid=9slshUHzTHxaaYMVf6zKpJz3Q==&secid=dl98vahpaBjgELwMl2yfzA==&PG=6&IRP=0&isPndg=false
E. Business Management,EDD,Student Transportation Management Scheduling and Routing,P,07/26/2016,,https://simbli.eboardsolutions.com/Policy/ViewPolicy.aspx?S=36031793&revid=hDJX4McvNhPplusszRplus6HOWlA==&ptid=9slshUHzTHxaaYMVf6zKpJz3Q==&secid=dl98vahpaBjgELwMl2yfzA==&PG=6&IRP=0&isPndg=false
E. Business Management,EDDA,Special Use of School Buses,P,07/26/2016,,https://simbli.eboardsolutions.com/Policy/ViewPolicy.aspx?S=36031793&revid=4icfWnO7GvBWDWnSolsCWQ==&ptid=9slshUHzTHxaaYMVf6zKpJz3Q==&secid=dl98vahpaBjgELwMl2yfzA==&PG=6&IRP=0&isPndg=false
E. Business Management,EDF,Transportation Records,P,07/26/2016,,https://simbli.eboardsolutions.com/Policy/ViewPolicy.aspx?S=36031793&revid=nVENI3kpEsMjanZuslshJKgcw==&ptid=9slshUHzTHxaaYMVf6zKpJz3Q==&secid=dl98vahpaBjgELwMl2yfzA==&PG=6&IRP=0&isPndg=false
E. Business Management,EFA,Data Breach Prevention (Cyber Security),P,08/11/2020,,https://simbli.eboardsolutions.com/Policy/ViewPolicy.aspx?S=36031793&revid=q724Qo33CS2XVaIYkeKAUQ==&ptid=9slshUHzTHxaaYMVf6zKpJz3Q==&secid=dl98vahpaBjgELwMl2yfzA==&PG=6&IRP=0&isPndg=false
E. Business Management,EFC,Use of Artificial Intelligence,P,06/11/2026,06/11/2026,https://simbli.eboardsolutions.com/Policy/ViewPolicy.aspx?S=36031793&revid=CWaZI4jEDhUp0doNbraqyg==&ptid=9slshUHzTHxaaYMVf6zKpJz3Q==&secid=dl98vahpaBjgELwMl2yfzA==&PG=6&IRP=0&isPndg=false
E. Business Management,EL,Delivery of Gifts to Students/Staff,P,10/16/2025,10/16/2025,https://simbli.eboardsolutions.com/Policy/ViewPolicy.aspx?S=36031793&revid=GfGTX3HIlpWdoBE1plusrV59Q==&ptid=9slshUHzTHxaaYMVf6zKpJz3Q==&secid=dl98vahpaBjgELwMl2yfzA==&PG=6&IRP=0&isPndg=false
E. Business Management,EM,Hazardous Materials,P,06/11/2015,,https://simbli.eboardsolutions.com/Policy/ViewPolicy.aspx?S=36031793&revid=te0ydwucWAM6oplusC0AxPSwg==&ptid=9slshUHzTHxaaYMVf6zKpJz3Q==&secid=dl98vahpaBjgELwMl2yfzA==&PG=6&IRP=0&isPndg=false
E. Business Management,EO,Service Animals in School,P,07/09/2015,,https://simbli.eboardsolutions.com/Policy/ViewPolicy.aspx?S=36031793&revid=jnfQ7SGfIJk8zzXBmyZ0slshQ==&ptid=9slshUHzTHxaaYMVf6zKpJz3Q==&secid=dl98vahpaBjgELwMl2yfzA==&PG=6&IRP=0&isPndg=false
E. Business Management,EP,Drones (Unmanned Aircraft Systems),P,07/26/2016,,https://simbli.eboardsolutions.com/Policy/ViewPolicy.aspx?S=36031793&revid=YEjqOslshmcWXGmgplushVgKGAXA==&ptid=9slshUHzTHxaaYMVf6zKpJz3Q==&secid=dl98vahpaBjgELwMl2yfzA==&PG=6&IRP=0&isPndg=false
F. Facility Expansion,FFF,Facility Expansion State Loans and Grants,P,07/26/2016,,https://simbli.eboardsolutions.com/Policy/ViewPolicy.aspx?S=36031793&revid=4KK1z2CWJwdsXhQcqwPWqw==&ptid=9slshUHzTHxaaYMVf6zKpJz3Q==&secid=b8kjkqUaN06aiBcCXpDnCw==&PG=6&IRP=0&isPndg=false
G. Personnel,GAA,Professional Educator Code of Conduct,P,07/26/2016,,https://simbli.eboardsolutions.com/Policy/ViewPolicy.aspx?S=36031793&revid=plusnsThB8LLMYEj8Y0ZiKpow==&ptid=9slshUHzTHxaaYMVf6zKpJz3Q==&secid=yH5CtcrH538rrI0VwdB78g==&PG=6&IRP=0&isPndg=false
G. Personnel,GAAA,Equal Opportunity Employment,P,07/26/2016,,https://simbli.eboardsolutions.com/Policy/ViewPolicy.aspx?S=36031793&revid=H7OaLPvJzmGsI1RNTr4ccQ==&ptid=9slshUHzTHxaaYMVf6zKpJz3Q==&secid=yH5CtcrH538rrI0VwdB78g==&PG=6&IRP=0&isPndg=false
G. Personnel,GAB,Employee Conduct,P,07/26/2016,,https://simbli.eboardsolutions.com/Policy/ViewPolicy.aspx?S=36031793&revid=fbplusOFEiW9e3oSjGZzgwplusOg==&ptid=9slshUHzTHxaaYMVf6zKpJz3Q==&secid=yH5CtcrH538rrI0VwdB78g==&PG=6&IRP=0&isPndg=false
G. Personnel,GABB,Staff/Student Non-fraternization,P,05/12/2025,05/12/2025,https://simbli.eboardsolutions.com/Policy/ViewPolicy.aspx?S=36031793&revid=HDQwplusR0vJtd1C8depFA4DA==&ptid=9slshUHzTHxaaYMVf6zKpJz3Q==&secid=yH5CtcrH538rrI0VwdB78g==&PG=6&IRP=0&isPndg=false
G. Personnel,GABE,Title I Comparability -Equivalency of Staff,P,07/26/2016,,https://simbli.eboardsolutions.com/Policy/ViewPolicy.aspx?S=36031793&revid=NUqmopzI4r1BslshzZgSz3sKQ==&ptid=9slshUHzTHxaaYMVf6zKpJz3Q==&secid=yH5CtcrH538rrI0VwdB78g==&PG=6&IRP=0&isPndg=false
G. Personnel,GAD,Professional Staff Development,P,02/12/2007,,https://simbli.eboardsolutions.com/Policy/ViewPolicy.aspx?S=36031793&revid=HguqCbLlXPI7hdMXuRObMw==&ptid=9slshUHzTHxaaYMVf6zKpJz3Q==&secid=yH5CtcrH538rrI0VwdB78g==&PG=6&IRP=0&isPndg=false
G. Personnel,GADAC,Suicide Prevention Education In-Service Training,P,11/13/2017,,https://simbli.eboardsolutions.com/Policy/ViewPolicy.aspx?S=36031793&revid=J11slshEMuTiswN3Ea5PJyGBA==&ptid=9slshUHzTHxaaYMVf6zKpJz3Q==&secid=yH5CtcrH538rrI0VwdB78g==&PG=6&IRP=0&isPndg=false
G. Personnel,GADE,Sick Leave,P,07/31/2025,07/31/2025,https://simbli.eboardsolutions.com/Policy/ViewPolicy.aspx?S=36031793&revid=85W8hVgI2slshrerkOSbFmSPA==&ptid=9slshUHzTHxaaYMVf6zKpJz3Q==&secid=yH5CtcrH538rrI0VwdB78g==&PG=6&IRP=0&isPndg=false
G. Personnel,GADF,Donated Leave,P,02/12/2007,,https://simbli.eboardsolutions.com/Policy/ViewPolicy.aspx?S=36031793&revid=xw47bgoRLM3TKB91kHbIjA==&ptid=9slshUHzTHxaaYMVf6zKpJz3Q==&secid=yH5CtcrH538rrI0VwdB78g==&PG=6&IRP=0&isPndg=false
G. Personnel,GADGB,Staff Leave Policy Guidelines,P,04/14/2025,04/14/2025,https://simbli.eboardsolutions.com/Policy/ViewPolicy.aspx?S=36031793&revid=ZnccT1zGKGyslshnsYHvJqCXA==&ptid=9slshUHzTHxaaYMVf6zKpJz3Q==&secid=yH5CtcrH538rrI0VwdB78g==&PG=6&IRP=0&isPndg=false
G. Personnel,GADH,Jury Duty,P,02/12/2007,,https://simbli.eboardsolutions.com/Policy/ViewPolicy.aspx?S=36031793&revid=DcGXCam3OqnWcYyYZ9p83w==&ptid=9slshUHzTHxaaYMVf6zKpJz3Q==&secid=yH5CtcrH538rrI0VwdB78g==&PG=6&IRP=0&isPndg=false
G. Personnel,GADJ,Personal Leave,P,02/12/2007,,https://simbli.eboardsolutions.com/Policy/ViewPolicy.aspx?S=36031793&revid=plusoqy8fKO7I1SgJ349X3plus4A==&ptid=9slshUHzTHxaaYMVf6zKpJz3Q==&secid=yH5CtcrH538rrI0VwdB78g==&PG=6&IRP=0&isPndg=false
G. Personnel,GAEA,Staff Protection,P,07/26/2016,,https://simbli.eboardsolutions.com/Policy/ViewPolicy.aspx?S=36031793&revid=KXnbSldxOYst12ZE5wl7QA==&ptid=9slshUHzTHxaaYMVf6zKpJz3Q==&secid=yH5CtcrH538rrI0VwdB78g==&PG=6&IRP=0&isPndg=false
G. Personnel,GAER,Licensed Staff Complaints and Grievances,P,07/26/2016,,https://simbli.eboardsolutions.com/Policy/ViewPolicy.aspx?S=36031793&revid=slshlFQGfyYxd4HSVVADpd0DQ==&ptid=9slshUHzTHxaaYMVf6zKpJz3Q==&secid=yH5CtcrH538rrI0VwdB78g==&PG=6&IRP=0&isPndg=false
G. Personnel,GAHB,Political Activity of Staff Members,P,07/26/2016,,https://simbli.eboardsolutions.com/Policy/ViewPolicy.aspx?S=36031793&revid=fg5lXUD2uG3Ff1nCCT4a0w==&ptid=9slshUHzTHxaaYMVf6zKpJz3Q==&secid=yH5CtcrH538rrI0VwdB78g==&PG=6&IRP=0&isPndg=false
G. Personnel,GAR,Professional Personnel Records,P,07/26/2016,,https://simbli.eboardsolutions.com/Policy/ViewPolicy.aspx?S=36031793&revid=ZmbKAwxnc2o57lveAslshXNpQ==&ptid=9slshUHzTHxaaYMVf6zKpJz3Q==&secid=yH5CtcrH538rrI0VwdB78g==&PG=6&IRP=0&isPndg=false
G. Personnel,GBA,Professional Personnel Compensation Guides and Contracts,P,06/30/2026,06/30/2026,https://simbli.eboardsolutions.com/Policy/ViewPolicy.aspx?S=36031793&revid=L5ZOvqJxp4W0eJv1FzSFkw==&ptid=9slshUHzTHxaaYMVf6zKpJz3Q==&secid=yH5CtcrH538rrI0VwdB78g==&PG=6&IRP=0&isPndg=false
G. Personnel,GBAAA,Classified/Support Staff Salary Schedules,P,09/02/2002,,https://simbli.eboardsolutions.com/Policy/ViewPolicy.aspx?S=36031793&revid=5M8xoAw9egBRxIFslshfbWe4w==&ptid=9slshUHzTHxaaYMVf6zKpJz3Q==&secid=yH5CtcrH538rrI0VwdB78g==&PG=6&IRP=0&isPndg=false
G. Personnel,GBBA,Professional Personnel Qualifications,P,01/13/2017,,https://simbli.eboardsolutions.com/Policy/ViewPolicy.aspx?S=36031793&revid=7SRziKirwrIIVzvsVtjX0A==&ptid=9slshUHzTHxaaYMVf6zKpJz3Q==&secid=yH5CtcrH538rrI0VwdB78g==&PG=6&IRP=0&isPndg=false
G. Personnel,GBC,Recruitment and Selection,P,01/13/2017,,https://simbli.eboardsolutions.com/Policy/ViewPolicy.aspx?S=36031793&revid=jjGDAJLXorslshQSdBREx5AWA==&ptid=9slshUHzTHxaaYMVf6zKpJz3Q==&secid=yH5CtcrH538rrI0VwdB78g==&PG=6&IRP=0&isPndg=false
G. Personnel,GBCA,Announcement of Vacancies,P,08/14/2013,,https://simbli.eboardsolutions.com/Policy/ViewPolicy.aspx?S=36031793&revid=BzYplusMJJmr1JZa5xLATp7pQ==&ptid=9slshUHzTHxaaYMVf6zKpJz3Q==&secid=yH5CtcrH538rrI0VwdB78g==&PG=6&IRP=0&isPndg=false
G. Personnel,GBCAA,Recruitment and Retention,P,02/12/2007,,https://simbli.eboardsolutions.com/Policy/ViewPolicy.aspx?S=36031793&revid=SNDtsoLxslsh9owZiYW97plusglQ==&ptid=9slshUHzTHxaaYMVf6zKpJz3Q==&secid=yH5CtcrH538rrI0VwdB78g==&PG=6&IRP=0&isPndg=false
G. Personnel,GBDAA,Criminal Background Checks/Fingerprinting,P,07/09/2015,,https://simbli.eboardsolutions.com/Policy/ViewPolicy.aspx?S=36031793&revid=fp4Ng7YC4mc4EnnsvBSeplusw==&ptid=9slshUHzTHxaaYMVf6zKpJz3Q==&secid=yH5CtcrH538rrI0VwdB78g==&PG=6&IRP=0&isPndg=false
G. Personnel,GBDB,Retired Employee Employment,P,06/11/2026,06/11/2026,https://simbli.eboardsolutions.com/Policy/ViewPolicy.aspx?S=36031793&revid=pQENcDAcMgW2U5W3GzxmNw==&ptid=9slshUHzTHxaaYMVf6zKpJz3Q==&secid=yH5CtcrH538rrI0VwdB78g==&PG=6&IRP=0&isPndg=false
G. Personnel,GBE,Professional Personnel Assignment,P,07/26/2016,,https://simbli.eboardsolutions.com/Policy/ViewPolicy.aspx?S=36031793&revid=yDsonxbDGMojPtwul5ONTQ==&ptid=9slshUHzTHxaaYMVf6zKpJz3Q==&secid=yH5CtcrH538rrI0VwdB78g==&PG=6&IRP=0&isPndg=false
G. Personnel,GBF,Professional Personnel Orientation,P,01/13/2017,,https://simbli.eboardsolutions.com/Policy/ViewPolicy.aspx?S=36031793&revid=MEq14yq0pAEQ3w7ZOVnGag==&ptid=9slshUHzTHxaaYMVf6zKpJz3Q==&secid=yH5CtcrH538rrI0VwdB78g==&PG=6&IRP=0&isPndg=false
G. Personnel,GBI,Evaluation of Employees,P,07/26/2016,,https://simbli.eboardsolutions.com/Policy/ViewPolicy.aspx?S=36031793&revid=SaEQtaXGNOpQqbMcZFR0Cw==&ptid=9slshUHzTHxaaYMVf6zKpJz3Q==&secid=yH5CtcrH538rrI0VwdB78g==&PG=6&IRP=0&isPndg=false
G. Personnel,GBK,Professional Personnel Suspension / Dismissal,P,01/13/2017,,https://simbli.eboardsolutions.com/Policy/ViewPolicy.aspx?S=36031793&revid=uuhplustQs7NHplusYJAP1T4bGUA==&ptid=9slshUHzTHxaaYMVf6zKpJz3Q==&secid=yH5CtcrH538rrI0VwdB78g==&PG=6&IRP=0&isPndg=false
G. Personnel,GBKAB,Staff Reduction In Force,P,02/12/2007,,https://simbli.eboardsolutions.com/Policy/ViewPolicy.aspx?S=36031793&revid=slsh0jplusgKUOMM0kMXNslshjWAJplusA==&ptid=9slshUHzTHxaaYMVf6zKpJz3Q==&secid=yH5CtcrH538rrI0VwdB78g==&PG=6&IRP=0&isPndg=false
G. Personnel,GBKAR,Professional Personnel Reduction in Force,P,02/12/2007,,https://simbli.eboardsolutions.com/Policy/ViewPolicy.aspx?S=36031793&revid=KtU9giP7b21m0e51U52VXQ==&ptid=9slshUHzTHxaaYMVf6zKpJz3Q==&secid=yH5CtcrH538rrI0VwdB78g==&PG=6&IRP=0&isPndg=false
G. Personnel,GBO,Professional Personnel Resignations,P,12/10/2024,,https://simbli.eboardsolutions.com/Policy/ViewPolicy.aspx?S=36031793&revid=i5v7TT7reDoyfjtQPhfWBg==&ptid=9slshUHzTHxaaYMVf6zKpJz3Q==&secid=yH5CtcrH538rrI0VwdB78g==&PG=6&IRP=0&isPndg=false
G. Personnel,GBOA,Professional Personnel Release from Contract,P,01/13/2017,,https://simbli.eboardsolutions.com/Policy/ViewPolicy.aspx?S=36031793&revid=wezwTHoxMlfkMFmU5sQW6Q==&ptid=9slshUHzTHxaaYMVf6zKpJz3Q==&secid=yH5CtcrH538rrI0VwdB78g==&PG=6&IRP=0&isPndg=false
G. Personnel,GBR,Sexual Harassment,P,02/12/2007,,https://simbli.eboardsolutions.com/Policy/ViewPolicy.aspx?S=36031793&revid=P97IvQpITGKYslshd0cywuXhQ==&ptid=9slshUHzTHxaaYMVf6zKpJz3Q==&secid=yH5CtcrH538rrI0VwdB78g==&PG=6&IRP=0&isPndg=false
G. Personnel,GBRC,Professional Personnel Work Load,P,08/11/2020,,https://simbli.eboardsolutions.com/Policy/ViewPolicy.aspx?S=36031793&revid=BN1Shx6IegcMbRFhKIvVLQ==&ptid=9slshUHzTHxaaYMVf6zKpJz3Q==&secid=yH5CtcrH538rrI0VwdB78g==&PG=6&IRP=0&isPndg=false
G. Personnel,GBRHC,Return To Work Policy,P,07/26/2016,,https://simbli.eboardsolutions.com/Policy/ViewPolicy.aspx?S=36031793&revid=PV5k8vSXreeGTtMvX21ccg==&ptid=9slshUHzTHxaaYMVf6zKpJz3Q==&secid=yH5CtcrH538rrI0VwdB78g==&PG=6&IRP=0&isPndg=false
G. Personnel,GBRIA,Family and Medical Leave Act,P,02/12/2007,,https://simbli.eboardsolutions.com/Policy/ViewPolicy.aspx?S=36031793&revid=s0q5UetlcljtnQ4xC1SzyA==&ptid=9slshUHzTHxaaYMVf6zKpJz3Q==&secid=yH5CtcrH538rrI0VwdB78g==&PG=6&IRP=0&isPndg=false
G. Personnel,GBRL,Drug Free Schools and Workplace,P,02/09/2026,02/09/2026,https://simbli.eboardsolutions.com/Policy/ViewPolicy.aspx?S=36031793&revid=UwuybX0plusMVplusnKYCyeqIvfw==&ptid=9slshUHzTHxaaYMVf6zKpJz3Q==&secid=yH5CtcrH538rrI0VwdB78g==&PG=6&IRP=0&isPndg=false
G. Personnel,GBRM,Smoking and Other Uses of Tobacco,P,01/13/2017,,https://simbli.eboardsolutions.com/Policy/ViewPolicy.aspx?S=36031793&revid=plus00YVm4GATypNVFgdPPZYg==&ptid=9slshUHzTHxaaYMVf6zKpJz3Q==&secid=yH5CtcrH538rrI0VwdB78g==&PG=6&IRP=0&isPndg=false
G. Personnel,GCDC,Classified/At-Will Employee Separation,P,08/20/2007,,https://simbli.eboardsolutions.com/Policy/ViewPolicy.aspx?S=36031793&revid=MP6BnRo3ilzEmudN6819SQ==&ptid=9slshUHzTHxaaYMVf6zKpJz3Q==&secid=yH5CtcrH538rrI0VwdB78g==&PG=6&IRP=0&isPndg=false
G. Personnel,GCN,Separation/Resignations,P,04/14/2025,04/14/2025,https://simbli.eboardsolutions.com/Policy/ViewPolicy.aspx?S=36031793&revid=z897mPRkLKAfETWZJP4R6Q==&ptid=9slshUHzTHxaaYMVf6zKpJz3Q==&secid=yH5CtcrH538rrI0VwdB78g==&PG=6&IRP=0&isPndg=false
G. Personnel,GCQ,Retirement,P,02/12/2007,,https://simbli.eboardsolutions.com/Policy/ViewPolicy.aspx?S=36031793&revid=bT81QVxMEvdlnmYK7rH6jA==&ptid=9slshUHzTHxaaYMVf6zKpJz3Q==&secid=yH5CtcrH538rrI0VwdB78g==&PG=6&IRP=0&isPndg=false
G. Personnel,GCRAA,Fair Labor Standards Policy,P,07/26/2016,,https://simbli.eboardsolutions.com/Policy/ViewPolicy.aspx?S=36031793&revid=Q8gslshvT9Y24UGlgIzmIYapg==&ptid=9slshUHzTHxaaYMVf6zKpJz3Q==&secid=yH5CtcrH538rrI0VwdB78g==&PG=6&IRP=0&isPndg=false
I. Instructional Program,IA,Distance Learning,P,12/10/2024,,https://simbli.eboardsolutions.com/Policy/ViewPolicy.aspx?S=36031793&revid=HCtui4825wWwV6o1mWTFFA==&ptid=9slshUHzTHxaaYMVf6zKpJz3Q==&secid=fyXPVLgX67SNkHuOA0VyGA==&PG=6&IRP=0&isPndg=false
I. Instructional Program,IAAA,Distance/Online Learning,P,08/10/2020,,https://simbli.eboardsolutions.com/Policy/ViewPolicy.aspx?S=36031793&revid=XnJyEs597sNclG5LEqqYfA==&ptid=9slshUHzTHxaaYMVf6zKpJz3Q==&secid=fyXPVLgX67SNkHuOA0VyGA==&PG=6&IRP=0&isPndg=false
I. Instructional Program,IAAB,Staff Conduct on Virtual Meetings,P,08/11/2020,,https://simbli.eboardsolutions.com/Policy/ViewPolicy.aspx?S=36031793&revid=t0UUVSEkIV5lAagyHqrP4Q==&ptid=9slshUHzTHxaaYMVf6zKpJz3Q==&secid=fyXPVLgX67SNkHuOA0VyGA==&PG=6&IRP=0&isPndg=false
I. Instructional Program,IAB,Philosophy,P,07/26/2016,,https://simbli.eboardsolutions.com/Policy/ViewPolicy.aspx?S=36031793&revid=zgnQWr69XT7Btwa6emplusM0A==&ptid=9slshUHzTHxaaYMVf6zKpJz3Q==&secid=fyXPVLgX67SNkHuOA0VyGA==&PG=6&IRP=0&isPndg=false
I. Instructional Program,IB,Instructional Goals,P,07/26/2016,,https://simbli.eboardsolutions.com/Policy/ViewPolicy.aspx?S=36031793&revid=OwJ3RPMEiCLKTK1UGbsa1w==&ptid=9slshUHzTHxaaYMVf6zKpJz3Q==&secid=fyXPVLgX67SNkHuOA0VyGA==&PG=6&IRP=0&isPndg=false
I. Instructional Program,IC,Curriculum Development,P,01/13/2017,,https://simbli.eboardsolutions.com/Policy/ViewPolicy.aspx?S=36031793&revid=4zmjVHYo2MCMh9cFFOBMXA==&ptid=9slshUHzTHxaaYMVf6zKpJz3Q==&secid=fyXPVLgX67SNkHuOA0VyGA==&PG=6&IRP=0&isPndg=false
I. Instructional Program,ICB,Curriculum Development Planning,P,01/13/2017,,https://simbli.eboardsolutions.com/Policy/ViewPolicy.aspx?S=36031793&revid=3EuVuncqDDMy55AV7sYvcg==&ptid=9slshUHzTHxaaYMVf6zKpJz3Q==&secid=fyXPVLgX67SNkHuOA0VyGA==&PG=6&IRP=0&isPndg=false
I. Instructional Program,ICFA,Textbook Policy,P,07/26/2016,,https://simbli.eboardsolutions.com/Policy/ViewPolicy.aspx?S=36031793&revid=op0IyolslshI1nfpPTKq9AH2g==&ptid=9slshUHzTHxaaYMVf6zKpJz3Q==&secid=fyXPVLgX67SNkHuOA0VyGA==&PG=6&IRP=0&isPndg=false
I. Instructional Program,ICG,Sex-Related Education,P,07/26/2016,,https://simbli.eboardsolutions.com/Policy/ViewPolicy.aspx?S=36031793&revid=3sGFp5GqTiqmLAVfZhVhQA==&ptid=9slshUHzTHxaaYMVf6zKpJz3Q==&secid=fyXPVLgX67SNkHuOA0VyGA==&PG=6&IRP=0&isPndg=false
I. Instructional Program,ICGB,Abstinence Plus Sex Education High School,P,02/12/2007,,https://simbli.eboardsolutions.com/Policy/ViewPolicy.aspx?S=36031793&revid=tplusviTOIhkvv2Qjif4arcVg==&ptid=9slshUHzTHxaaYMVf6zKpJz3Q==&secid=fyXPVLgX67SNkHuOA0VyGA==&PG=6&IRP=0&isPndg=false
I. Instructional Program,ICHI,Literacy Based Promotion,P,01/13/2017,,https://simbli.eboardsolutions.com/Policy/ViewPolicy.aspx?S=36031793&revid=7URGGLeT1bw8nnhplusr3qfAw==&ptid=9slshUHzTHxaaYMVf6zKpJz3Q==&secid=fyXPVLgX67SNkHuOA0VyGA==&PG=6&IRP=0&isPndg=false
I. Instructional Program,ICI,Health and Physical Education,P,02/12/2007,,https://simbli.eboardsolutions.com/Policy/ViewPolicy.aspx?S=36031793&revid=XNowuQhS5O6fvvMgplus05eplusQ==&ptid=9slshUHzTHxaaYMVf6zKpJz3Q==&secid=fyXPVLgX67SNkHuOA0VyGA==&PG=6&IRP=0&isPndg=false
I. Instructional Program,ID,Instructional Program Management,P,02/12/2007,,https://simbli.eboardsolutions.com/Policy/ViewPolicy.aspx?S=36031793&revid=QGAslshprptCsplusKeZnPFplusplusEIg==&ptid=9slshUHzTHxaaYMVf6zKpJz3Q==&secid=fyXPVLgX67SNkHuOA0VyGA==&PG=6&IRP=0&isPndg=false
I. Instructional Program,IDAEA,Early Release for Seniors,P,07/09/2026,07/09/2026,https://simbli.eboardsolutions.com/Policy/ViewPolicy.aspx?S=36031793&revid=oze4lbzQq9emEF0RE21YiQ==&ptid=9slshUHzTHxaaYMVf6zKpJz3Q==&secid=fyXPVLgX67SNkHuOA0VyGA==&PG=6&IRP=0&isPndg=false
I. Instructional Program,IDAF,Exemption Policy,P,07/26/2016,,https://simbli.eboardsolutions.com/Policy/ViewPolicy.aspx?S=36031793&revid=dEEmdJm7154pqYVYuGf0RQ==&ptid=9slshUHzTHxaaYMVf6zKpJz3Q==&secid=fyXPVLgX67SNkHuOA0VyGA==&PG=6&IRP=0&isPndg=false
I. Instructional Program,IDAG,Dual Enrollment,P,02/12/2007,,https://simbli.eboardsolutions.com/Policy/ViewPolicy.aspx?S=36031793&revid=8lvjTQe1zpWl4AAR5VoQfg==&ptid=9slshUHzTHxaaYMVf6zKpJz3Q==&secid=fyXPVLgX67SNkHuOA0VyGA==&PG=6&IRP=0&isPndg=false
I. Instructional Program,IDCA,Extended School Year/Summer School,P,07/26/2016,,https://simbli.eboardsolutions.com/Policy/ViewPolicy.aspx?S=36031793&revid=bJslshn3p8slshCLbryapPLxUrZw==&ptid=9slshUHzTHxaaYMVf6zKpJz3Q==&secid=fyXPVLgX67SNkHuOA0VyGA==&PG=6&IRP=0&isPndg=false
I. Instructional Program,IDCH,Correspondence Courses,P,08/11/2015,,https://simbli.eboardsolutions.com/Policy/ViewPolicy.aspx?S=36031793&revid=bhKHNQO7yUoBUmGmSpqCEA==&ptid=9slshUHzTHxaaYMVf6zKpJz3Q==&secid=fyXPVLgX67SNkHuOA0VyGA==&PG=6&IRP=0&isPndg=false
I. Instructional Program,IDDE,Driver Training,P,12/10/2024,,https://simbli.eboardsolutions.com/Policy/ViewPolicy.aspx?S=36031793&revid=KxFhN6QRHIuuUnLslshFhtZJQ==&ptid=9slshUHzTHxaaYMVf6zKpJz3Q==&secid=fyXPVLgX67SNkHuOA0VyGA==&PG=6&IRP=0&isPndg=false
I. Instructional Program,IDDF,Special Education Programs,P,02/12/2007,,https://simbli.eboardsolutions.com/Policy/ViewPolicy.aspx?S=36031793&revid=htvhICHRkj7QTJ6bpZqOaw==&ptid=9slshUHzTHxaaYMVf6zKpJz3Q==&secid=fyXPVLgX67SNkHuOA0VyGA==&PG=6&IRP=0&isPndg=false
I. Instructional Program,IDDH,Section 504 -- Americans With Disabilities Act -- Non Discrimination,P,02/12/2007,,https://simbli.eboardsolutions.com/Policy/ViewPolicy.aspx?S=36031793&revid=GplusKOw1KpEnEsfQ0Bch5OTw==&ptid=9slshUHzTHxaaYMVf6zKpJz3Q==&secid=fyXPVLgX67SNkHuOA0VyGA==&PG=6&IRP=0&isPndg=false
I. Instructional Program,IDDHA,Section 504 -- Americans With Disabilities Act Procedures (Employees and School Visitors),P,07/26/2016,,https://simbli.eboardsolutions.com/Policy/ViewPolicy.aspx?S=36031793&revid=sZUesXXuNdmZrWoXDAPpng==&ptid=9slshUHzTHxaaYMVf6zKpJz3Q==&secid=fyXPVLgX67SNkHuOA0VyGA==&PG=6&IRP=0&isPndg=false
I. Instructional Program,IDDHE,Service Animal Policy,P,09/30/2015,,https://simbli.eboardsolutions.com/Policy/ViewPolicy.aspx?S=36031793&revid=OkNahpdZRgDj5MtunH0r9A==&ptid=9slshUHzTHxaaYMVf6zKpJz3Q==&secid=fyXPVLgX67SNkHuOA0VyGA==&PG=6&IRP=0&isPndg=false
I. Instructional Program,IDDIAB,Advanced Placement Classes/Credits,P,02/12/2007,,https://simbli.eboardsolutions.com/Policy/ViewPolicy.aspx?S=36031793&revid=6slshjidhCaeKDI9OCGTHQ5MA==&ptid=9slshUHzTHxaaYMVf6zKpJz3Q==&secid=fyXPVLgX67SNkHuOA0VyGA==&PG=6&IRP=0&isPndg=false
I. Instructional Program,IDE,Gifted Education Program,P,09/06/2007,,https://simbli.eboardsolutions.com/Policy/ViewPolicy.aspx?S=36031793&revid=3R43GeDlWHb0CFIV1A4NIw==&ptid=9slshUHzTHxaaYMVf6zKpJz3Q==&secid=fyXPVLgX67SNkHuOA0VyGA==&PG=6&IRP=0&isPndg=false
I. Instructional Program,IEA,Intervention Process,P,07/14/2008,,https://simbli.eboardsolutions.com/Policy/ViewPolicy.aspx?S=36031793&revid=qiXnD8zv3VhRI4wL3CUzdw==&ptid=9slshUHzTHxaaYMVf6zKpJz3Q==&secid=fyXPVLgX67SNkHuOA0VyGA==&PG=6&IRP=0&isPndg=false
I. Instructional Program,IEB,Speech - Language Screening,P,07/26/2016,,https://simbli.eboardsolutions.com/Policy/ViewPolicy.aspx?S=36031793&revid=6n9ONapSNp8lt5agikRX7w==&ptid=9slshUHzTHxaaYMVf6zKpJz3Q==&secid=fyXPVLgX67SNkHuOA0VyGA==&PG=6&IRP=0&isPndg=false
I. Instructional Program,IEBA,Dyslexia Policy,P,01/13/2017,,https://simbli.eboardsolutions.com/Policy/ViewPolicy.aspx?S=36031793&revid=Am1DvWoByEG6iw0UvNfypQ==&ptid=9slshUHzTHxaaYMVf6zKpJz3Q==&secid=fyXPVLgX67SNkHuOA0VyGA==&PG=6&IRP=0&isPndg=false
I. Instructional Program,IEDB,Classification of Students,P,10/16/2025,10/16/2025,https://simbli.eboardsolutions.com/Policy/ViewPolicy.aspx?S=36031793&revid=JRotGKbPWP7PNrtkwHebOg==&ptid=9slshUHzTHxaaYMVf6zKpJz3Q==&secid=fyXPVLgX67SNkHuOA0VyGA==&PG=6&IRP=0&isPndg=false
I. Instructional Program,IFBA,Assistant Teachers,P,07/26/2016,,https://simbli.eboardsolutions.com/Policy/ViewPolicy.aspx?S=36031793&revid=2TGplus4gsplusYXlOnIm5JDbyRg==&ptid=9slshUHzTHxaaYMVf6zKpJz3Q==&secid=fyXPVLgX67SNkHuOA0VyGA==&PG=6&IRP=0&isPndg=false
I. Instructional Program,IFBD,School Libraries,P,07/26/2016,,https://simbli.eboardsolutions.com/Policy/ViewPolicy.aspx?S=36031793&revid=nRYU0IplusGTGplusVWFZQWwXcPA==&ptid=9slshUHzTHxaaYMVf6zKpJz3Q==&secid=fyXPVLgX67SNkHuOA0VyGA==&PG=6&IRP=0&isPndg=false
I. Instructional Program,IFG,Early Graduation,P,10/16/2025,10/16/2025,https://simbli.eboardsolutions.com/Policy/ViewPolicy.aspx?S=36031793&revid=ac5cZe8G94IDheeVzKGYCA==&ptid=9slshUHzTHxaaYMVf6zKpJz3Q==&secid=fyXPVLgX67SNkHuOA0VyGA==&PG=6&IRP=0&isPndg=false
I. Instructional Program,IG,Prayer in the Schools,P,01/13/2017,,https://simbli.eboardsolutions.com/Policy/ViewPolicy.aspx?S=36031793&revid=6ewC75yIqEGyoG8sOVHWcw==&ptid=9slshUHzTHxaaYMVf6zKpJz3Q==&secid=fyXPVLgX67SNkHuOA0VyGA==&PG=6&IRP=0&isPndg=false
I. Instructional Program,IGAA,Student Religious Liberties,P,02/12/2007,,https://simbli.eboardsolutions.com/Policy/ViewPolicy.aspx?S=36031793&revid=sqslshM6I0RzyplusjysLslshuia36Q==&ptid=9slshUHzTHxaaYMVf6zKpJz3Q==&secid=fyXPVLgX67SNkHuOA0VyGA==&PG=6&IRP=0&isPndg=false
I. Instructional Program,IHA,Grading System,P,07/26/2016,,https://simbli.eboardsolutions.com/Policy/ViewPolicy.aspx?S=36031793&revid=dBocQ5GDq83mkQZIl8JbpQ==&ptid=9slshUHzTHxaaYMVf6zKpJz3Q==&secid=fyXPVLgX67SNkHuOA0VyGA==&PG=6&IRP=0&isPndg=false
I. Instructional Program,IHAD,Policy Statement on Grading -- Elementary and Secondary Schools,P,02/12/2007,,https://simbli.eboardsolutions.com/Policy/ViewPolicy.aspx?S=36031793&revid=UBN6ilBbaYplus5Q0NG2U1aeQ==&ptid=9slshUHzTHxaaYMVf6zKpJz3Q==&secid=fyXPVLgX67SNkHuOA0VyGA==&PG=6&IRP=0&isPndg=false
I. Instructional Program,IHCA,Valedictorian and Salutatorian,P,02/12/2007,,https://simbli.eboardsolutions.com/Policy/ViewPolicy.aspx?S=36031793&revid=ELCvkGUEAOmF5ZmzXMk5fA==&ptid=9slshUHzTHxaaYMVf6zKpJz3Q==&secid=fyXPVLgX67SNkHuOA0VyGA==&PG=6&IRP=0&isPndg=false
I. Instructional Program,IHD,Honor Roll,P,02/13/2014,,https://simbli.eboardsolutions.com/Policy/ViewPolicy.aspx?S=36031793&revid=umTdam0KML2WQlves1slsheDQ==&ptid=9slshUHzTHxaaYMVf6zKpJz3Q==&secid=fyXPVLgX67SNkHuOA0VyGA==&PG=6&IRP=0&isPndg=false
I. Instructional Program,IHE,Promotion and Retention,P,06/11/2026,06/11/2026,https://simbli.eboardsolutions.com/Policy/ViewPolicy.aspx?S=36031793&revid=CNKy2c0K88vTlvDIFCofvA==&ptid=9slshUHzTHxaaYMVf6zKpJz3Q==&secid=fyXPVLgX67SNkHuOA0VyGA==&PG=6&IRP=0&isPndg=false
I. Instructional Program,IHEA,Class Ranking,P,06/26/2006,,https://simbli.eboardsolutions.com/Policy/ViewPolicy.aspx?S=36031793&revid=XDiIO4emQa9hAVlEJIitWQ==&ptid=9slshUHzTHxaaYMVf6zKpJz3Q==&secid=fyXPVLgX67SNkHuOA0VyGA==&PG=6&IRP=0&isPndg=false
I. Instructional Program,IHF,Graduation Requirements,P,07/09/2026,07/09/2026,https://simbli.eboardsolutions.com/Policy/ViewPolicy.aspx?S=36031793&revid=qNplusJLzE0XSaOCv6EhmS2Pw==&ptid=9slshUHzTHxaaYMVf6zKpJz3Q==&secid=fyXPVLgX67SNkHuOA0VyGA==&PG=6&IRP=0&isPndg=false
I. Instructional Program,IHFA,Special Education Graduation,P,02/12/2007,,https://simbli.eboardsolutions.com/Policy/ViewPolicy.aspx?S=36031793&revid=UR0RjPHduDUnclgSMYj0FQ==&ptid=9slshUHzTHxaaYMVf6zKpJz3Q==&secid=fyXPVLgX67SNkHuOA0VyGA==&PG=6&IRP=0&isPndg=false
I. Instructional Program,IHFAAA,Career Pathways Graduation Option,P,07/26/2016,,https://simbli.eboardsolutions.com/Policy/ViewPolicy.aspx?S=36031793&revid=JtT3Vdj8LGIplus1XyInFGCig==&ptid=9slshUHzTHxaaYMVf6zKpJz3Q==&secid=fyXPVLgX67SNkHuOA0VyGA==&PG=6&IRP=0&isPndg=false
I. Instructional Program,II,Testing Program,P,12/10/2024,,https://simbli.eboardsolutions.com/Policy/ViewPolicy.aspx?S=36031793&revid=pluslHLplus9Kile6wdtqZt1YLpQ==&ptid=9slshUHzTHxaaYMVf6zKpJz3Q==&secid=fyXPVLgX67SNkHuOA0VyGA==&PG=6&IRP=0&isPndg=false
I. Instructional Program,IIA,Testing and Student Surveys,P,01/13/2017,,https://simbli.eboardsolutions.com/Policy/ViewPolicy.aspx?S=36031793&revid=0OZlhW44kVs5Ms72MzV8hw==&ptid=9slshUHzTHxaaYMVf6zKpJz3Q==&secid=fyXPVLgX67SNkHuOA0VyGA==&PG=6&IRP=0&isPndg=false
I. Instructional Program,IIAAA,Opting-Out of State Testing,P,01/13/2017,,https://simbli.eboardsolutions.com/Policy/ViewPolicy.aspx?S=36031793&revid=sGM3axb43eU0oplusIWWfGauA==&ptid=9slshUHzTHxaaYMVf6zKpJz3Q==&secid=fyXPVLgX67SNkHuOA0VyGA==&PG=6&IRP=0&isPndg=false
I. Instructional Program,IJ,Technology and Instruction / Electronic Information Resources,P,07/26/2016,,https://simbli.eboardsolutions.com/Policy/ViewPolicy.aspx?S=36031793&revid=AslshmOVnMmkDpmHhYNxTlTqg==&ptid=9slshUHzTHxaaYMVf6zKpJz3Q==&secid=fyXPVLgX67SNkHuOA0VyGA==&PG=6&IRP=0&isPndg=false
J. Students,JAA,Equal Educational Opportunities,P,07/26/2016,,https://simbli.eboardsolutions.com/Policy/ViewPolicy.aspx?S=36031793&revid=iHrmWZM35wemVAxidxVchw==&ptid=9slshUHzTHxaaYMVf6zKpJz3Q==&secid=hSGrPqF4gplus5plusbZ62PcQufA==&PG=6&IRP=0&isPndg=false
J. Students,JAB,Equal Access Student Organizations,P,07/26/2016,,https://simbli.eboardsolutions.com/Policy/ViewPolicy.aspx?S=36031793&revid=FJbjdQsHCOUm0gPVzCmjlQ==&ptid=9slshUHzTHxaaYMVf6zKpJz3Q==&secid=hSGrPqF4gplus5plusbZ62PcQufA==&PG=6&IRP=0&isPndg=false
J. Students,JB,Students Complaints of Sexual Discrimination / Harassment -- Title IX,P,06/01/2011,,https://simbli.eboardsolutions.com/Policy/ViewPolicy.aspx?S=36031793&revid=uF4kdihTuKKMUxfk7a0yBg==&ptid=9slshUHzTHxaaYMVf6zKpJz3Q==&secid=hSGrPqF4gplus5plusbZ62PcQufA==&PG=6&IRP=0&isPndg=false
J. Students,JBA,Compulsory School Attendance/School Age,P,06/11/2026,06/11/2026,https://simbli.eboardsolutions.com/Policy/ViewPolicy.aspx?S=36031793&revid=jpDhNkqz24zxRqsxFsPhBw==&ptid=9slshUHzTHxaaYMVf6zKpJz3Q==&secid=hSGrPqF4gplus5plusbZ62PcQufA==&PG=6&IRP=0&isPndg=false
J. Students,JBAC,Truancy,P,07/26/2016,,https://simbli.eboardsolutions.com/Policy/ViewPolicy.aspx?S=36031793&revid=MYS8in3aw16RslshuoCy4hZeQ==&ptid=9slshUHzTHxaaYMVf6zKpJz3Q==&secid=hSGrPqF4gplus5plusbZ62PcQufA==&PG=6&IRP=0&isPndg=false
J. Students,JBB,Entrance Age,P,02/12/2007,,https://simbli.eboardsolutions.com/Policy/ViewPolicy.aspx?S=36031793&revid=lsteirsplusF9Da3ue3slshx8KMQ==&ptid=9slshUHzTHxaaYMVf6zKpJz3Q==&secid=hSGrPqF4gplus5plusbZ62PcQufA==&PG=6&IRP=0&isPndg=false
J. Students,JBC,School Admission,P,07/09/2026,07/09/2026,https://simbli.eboardsolutions.com/Policy/ViewPolicy.aspx?S=36031793&revid=50ICR70JdPVm8VdKeDYXvA==&ptid=9slshUHzTHxaaYMVf6zKpJz3Q==&secid=hSGrPqF4gplus5plusbZ62PcQufA==&PG=6&IRP=0&isPndg=false
J. Students,JBCC,Student Tuition for Out-of-District Students,P,07/26/2016,,https://simbli.eboardsolutions.com/Policy/ViewPolicy.aspx?S=36031793&revid=wDpUzzFD0QdqWoxuWPqaOQ==&ptid=9slshUHzTHxaaYMVf6zKpJz3Q==&secid=hSGrPqF4gplus5plusbZ62PcQufA==&PG=6&IRP=0&isPndg=false
J. Students,JBCCA,Assignment of Pupils,P,07/26/2016,,https://simbli.eboardsolutions.com/Policy/ViewPolicy.aspx?S=36031793&revid=5vcicjI2nNuejWa4Wl9MpQ==&ptid=9slshUHzTHxaaYMVf6zKpJz3Q==&secid=hSGrPqF4gplus5plusbZ62PcQufA==&PG=6&IRP=0&isPndg=false
J. Students,JBCCC,Student Schedules and Course Loads,P,10/01/2002,,https://simbli.eboardsolutions.com/Policy/ViewPolicy.aspx?S=36031793&revid=BDMbH8u3SnFzpe8dRXYAOw==&ptid=9slshUHzTHxaaYMVf6zKpJz3Q==&secid=hSGrPqF4gplus5plusbZ62PcQufA==&PG=6&IRP=0&isPndg=false
J. Students,JBCD,Transfers and Withdrawals of Students,P,06/11/2026,06/11/2026,https://simbli.eboardsolutions.com/Policy/ViewPolicy.aspx?S=36031793&revid=E3VvjQUrZzPzFtao3JfraA==&ptid=9slshUHzTHxaaYMVf6zKpJz3Q==&secid=hSGrPqF4gplus5plusbZ62PcQufA==&PG=6&IRP=0&isPndg=false
J. Students,JBCDE,Student Transfer from Non-Accredited Programs,P,07/31/2025,07/31/2025,https://simbli.eboardsolutions.com/Policy/ViewPolicy.aspx?S=36031793&revid=w93JsWDuYrwpluswkslshA6aawKg==&ptid=9slshUHzTHxaaYMVf6zKpJz3Q==&secid=hSGrPqF4gplus5plusbZ62PcQufA==&PG=6&IRP=0&isPndg=false
J. Students,JBD,Attendance,P,06/11/2026,06/11/2026,https://simbli.eboardsolutions.com/Policy/ViewPolicy.aspx?S=36031793&revid=NDKbHLoPSGvBPeRdH0PrAg==&ptid=9slshUHzTHxaaYMVf6zKpJz3Q==&secid=hSGrPqF4gplus5plusbZ62PcQufA==&PG=6&IRP=0&isPndg=false
J. Students,JBDA,Check Out Procedures,P,07/09/2026,07/09/2026,https://simbli.eboardsolutions.com/Policy/ViewPolicy.aspx?S=36031793&revid=thKgzXuM8bP28DcOTJTMVg==&ptid=9slshUHzTHxaaYMVf6zKpJz3Q==&secid=hSGrPqF4gplus5plusbZ62PcQufA==&PG=6&IRP=0&isPndg=false
J. Students,JCA,Student Conduct,P,06/11/2026,06/11/2026,https://simbli.eboardsolutions.com/Policy/ViewPolicy.aspx?S=36031793&revid=8GcY8KKRplusW3qlwh0495wgw==&ptid=9slshUHzTHxaaYMVf6zKpJz3Q==&secid=hSGrPqF4gplus5plusbZ62PcQufA==&PG=6&IRP=0&isPndg=false
J. Students,JCAA,Due Process,P,07/26/2016,,https://simbli.eboardsolutions.com/Policy/ViewPolicy.aspx?S=36031793&revid=eJ16WJMiHHevGOUG5nqj6A==&ptid=9slshUHzTHxaaYMVf6zKpJz3Q==&secid=hSGrPqF4gplus5plusbZ62PcQufA==&PG=6&IRP=0&isPndg=false
J. Students,JCBA,Student Restraint & Seclusion,P,04/18/2016,,https://simbli.eboardsolutions.com/Policy/ViewPolicy.aspx?S=36031793&revid=slshPJ2bFJplusRMZiUXSSObwjxQ==&ptid=9slshUHzTHxaaYMVf6zKpJz3Q==&secid=hSGrPqF4gplus5plusbZ62PcQufA==&PG=6&IRP=0&isPndg=false
J. Students,JCBB,Gang Activity,P,07/26/2016,,https://simbli.eboardsolutions.com/Policy/ViewPolicy.aspx?S=36031793&revid=R8gFfFOm32PeVu5RbdRyiw==&ptid=9slshUHzTHxaaYMVf6zKpJz3Q==&secid=hSGrPqF4gplus5plusbZ62PcQufA==&PG=6&IRP=0&isPndg=false
J. Students,JCBD,Vandalism/ Destruction of Property,P,02/12/2007,,https://simbli.eboardsolutions.com/Policy/ViewPolicy.aspx?S=36031793&revid=w1VQAVUPUyYcuslsh8T7nddFw==&ptid=9slshUHzTHxaaYMVf6zKpJz3Q==&secid=hSGrPqF4gplus5plusbZ62PcQufA==&PG=6&IRP=0&isPndg=false
J. Students,JCBE,Unlawful or Violent Acts,P,11/11/2024,,https://simbli.eboardsolutions.com/Policy/ViewPolicy.aspx?S=36031793&revid=OrF20ATplusR8x0P1GbbYuNdg==&ptid=9slshUHzTHxaaYMVf6zKpJz3Q==&secid=hSGrPqF4gplus5plusbZ62PcQufA==&PG=6&IRP=0&isPndg=false
J. Students,JCBEA,Harassment,P,02/12/2007,,https://simbli.eboardsolutions.com/Policy/ViewPolicy.aspx?S=36031793&revid=2BCGW18kOGlJCX0aZ5ZuSQ==&ptid=9slshUHzTHxaaYMVf6zKpJz3Q==&secid=hSGrPqF4gplus5plusbZ62PcQufA==&PG=6&IRP=0&isPndg=false
J. Students,JCBF,Reporting of Unlawful or Violent Acts,P,07/26/2016,,https://simbli.eboardsolutions.com/Policy/ViewPolicy.aspx?S=36031793&revid=WLDlbiXAGwSJopqhfkxavA==&ptid=9slshUHzTHxaaYMVf6zKpJz3Q==&secid=hSGrPqF4gplus5plusbZ62PcQufA==&PG=6&IRP=0&isPndg=false
J. Students,JCBH,Gun-Free Schools,P,02/12/2007,,https://simbli.eboardsolutions.com/Policy/ViewPolicy.aspx?S=36031793&revid=ydCbh56uKHgGH0Te7fxslsheg==&ptid=9slshUHzTHxaaYMVf6zKpJz3Q==&secid=hSGrPqF4gplus5plusbZ62PcQufA==&PG=6&IRP=0&isPndg=false
J. Students,JCD,Alternative School Program,P,07/26/2016,,https://simbli.eboardsolutions.com/Policy/ViewPolicy.aspx?S=36031793&revid=j6UdXDB6U0A1VPSKp8mFgA==&ptid=9slshUHzTHxaaYMVf6zKpJz3Q==&secid=hSGrPqF4gplus5plusbZ62PcQufA==&PG=6&IRP=0&isPndg=false
J. Students,JCDA,School Searches,P,07/26/2016,,https://simbli.eboardsolutions.com/Policy/ViewPolicy.aspx?S=36031793&revid=wfbhTK3gFKzYzF9O4skiFA==&ptid=9slshUHzTHxaaYMVf6zKpJz3Q==&secid=hSGrPqF4gplus5plusbZ62PcQufA==&PG=6&IRP=0&isPndg=false
J. Students,JCDAA,Use of Tobacco and Smoking Devices,P,07/21/2025,07/21/2025,https://simbli.eboardsolutions.com/Policy/ViewPolicy.aspx?S=36031793&revid=Udf3WOeJIs4IbUL5cc8sBw==&ptid=9slshUHzTHxaaYMVf6zKpJz3Q==&secid=hSGrPqF4gplus5plusbZ62PcQufA==&PG=6&IRP=0&isPndg=false
J. Students,JCDAAA,Questioning and Apprehension of Students,P,06/06/2006,,https://simbli.eboardsolutions.com/Policy/ViewPolicy.aspx?S=36031793&revid=8ZRYvQTiR87fhTzSPHPQAw==&ptid=9slshUHzTHxaaYMVf6zKpJz3Q==&secid=hSGrPqF4gplus5plusbZ62PcQufA==&PG=6&IRP=0&isPndg=false
J. Students,JCDABA,Student Drug and Alcohol Testing,P,08/01/2002,,https://simbli.eboardsolutions.com/Policy/ViewPolicy.aspx?S=36031793&revid=otXWxpI2g4p4VoQpYBAQCQ==&ptid=9slshUHzTHxaaYMVf6zKpJz3Q==&secid=hSGrPqF4gplus5plusbZ62PcQufA==&PG=6&IRP=0&isPndg=false
J. Students,JCDAC,Drugs and Alcohol (Possession or Reasonable Suspicion),P,07/21/2025,07/21/2025,https://simbli.eboardsolutions.com/Policy/ViewPolicy.aspx?S=36031793&revid=q4ythfoqFdpvY1QlNmfK7w==&ptid=9slshUHzTHxaaYMVf6zKpJz3Q==&secid=hSGrPqF4gplus5plusbZ62PcQufA==&PG=6&IRP=0&isPndg=false
J. Students,JCDAD,Bus Conduct,P,01/13/2025,,https://simbli.eboardsolutions.com/Policy/ViewPolicy.aspx?S=36031793&revid=Liwu7MNqxokmR9VIeQGKsw==&ptid=9slshUHzTHxaaYMVf6zKpJz3Q==&secid=hSGrPqF4gplus5plusbZ62PcQufA==&PG=6&IRP=0&isPndg=false
J. Students,JCDAE,Weapons,P,02/12/2007,,https://simbli.eboardsolutions.com/Policy/ViewPolicy.aspx?S=36031793&revid=qYbwuzHETM20HpbSJp64pg==&ptid=9slshUHzTHxaaYMVf6zKpJz3Q==&secid=hSGrPqF4gplus5plusbZ62PcQufA==&PG=6&IRP=0&isPndg=false
J. Students,JCDB,Dress Code for Students,P,02/12/2007,,https://simbli.eboardsolutions.com/Policy/ViewPolicy.aspx?S=36031793&revid=NAW2iCyIT6NO8x7yfOdugA==&ptid=9slshUHzTHxaaYMVf6zKpJz3Q==&secid=hSGrPqF4gplus5plusbZ62PcQufA==&PG=6&IRP=0&isPndg=false
J. Students,JCDBB,School Bookbags,P,07/26/2016,,https://simbli.eboardsolutions.com/Policy/ViewPolicy.aspx?S=36031793&revid=rPxKLPVEhHWSuwpJnaqGng==&ptid=9slshUHzTHxaaYMVf6zKpJz3Q==&secid=hSGrPqF4gplus5plusbZ62PcQufA==&PG=6&IRP=0&isPndg=false
J. Students,JD,Student Discipline,P,11/11/2024,,https://simbli.eboardsolutions.com/Policy/ViewPolicy.aspx?S=36031793&revid=0xZMfDsb57iplusLzRwtBb0Dw==&ptid=9slshUHzTHxaaYMVf6zKpJz3Q==&secid=hSGrPqF4gplus5plusbZ62PcQufA==&PG=6&IRP=0&isPndg=false
J. Students,JDA,Discipline Plan,P,02/12/2007,,https://simbli.eboardsolutions.com/Policy/ViewPolicy.aspx?S=36031793&revid=T3lGUYLceCLMWGsZczPXBg==&ptid=9slshUHzTHxaaYMVf6zKpJz3Q==&secid=hSGrPqF4gplus5plusbZ62PcQufA==&PG=6&IRP=0&isPndg=false
J. Students,JDB,Corporal Punishment,P,02/12/2007,,https://simbli.eboardsolutions.com/Policy/ViewPolicy.aspx?S=36031793&revid=UYdrmHwtNsnjGEfHcnAt2g==&ptid=9slshUHzTHxaaYMVf6zKpJz3Q==&secid=hSGrPqF4gplus5plusbZ62PcQufA==&PG=6&IRP=0&isPndg=false
J. Students,JDC,Detention of Students,P,07/26/2016,,https://simbli.eboardsolutions.com/Policy/ViewPolicy.aspx?S=36031793&revid=lHFcwXcsyAUBfcVdP7NalQ==&ptid=9slshUHzTHxaaYMVf6zKpJz3Q==&secid=hSGrPqF4gplus5plusbZ62PcQufA==&PG=6&IRP=0&isPndg=false
J. Students,JDD,Suspension,P,06/01/2000,,https://simbli.eboardsolutions.com/Policy/ViewPolicy.aspx?S=36031793&revid=oS6ZRyplusCiOur74rTho3oLg==&ptid=9slshUHzTHxaaYMVf6zKpJz3Q==&secid=hSGrPqF4gplus5plusbZ62PcQufA==&PG=6&IRP=0&isPndg=false
J. Students,JDDA,Bullying,P,02/12/2007,,https://simbli.eboardsolutions.com/Policy/ViewPolicy.aspx?S=36031793&revid=Q97KOM54scXG7qpn1u7EnQ==&ptid=9slshUHzTHxaaYMVf6zKpJz3Q==&secid=hSGrPqF4gplus5plusbZ62PcQufA==&PG=6&IRP=0&isPndg=false
J. Students,JDE,Expulsion,P,10/16/2025,10/16/2025,https://simbli.eboardsolutions.com/Policy/ViewPolicy.aspx?S=36031793&revid=qvcQyKxRHpluseJSyPhYhM5dw==&ptid=9slshUHzTHxaaYMVf6zKpJz3Q==&secid=hSGrPqF4gplus5plusbZ62PcQufA==&PG=6&IRP=0&isPndg=false
J. Students,JDG,Readmission and Denial of Admission,P,07/26/2016,,https://simbli.eboardsolutions.com/Policy/ViewPolicy.aspx?S=36031793&revid=CFUaWw3Jcp5wszcNdj7CXg==&ptid=9slshUHzTHxaaYMVf6zKpJz3Q==&secid=hSGrPqF4gplus5plusbZ62PcQufA==&PG=6&IRP=0&isPndg=false
J. Students,JDGA,Appeals,P,02/12/2007,,https://simbli.eboardsolutions.com/Policy/ViewPolicy.aspx?S=36031793&revid=xfb5slshOPEV3lDtTNgdxAUTQ==&ptid=9slshUHzTHxaaYMVf6zKpJz3Q==&secid=hSGrPqF4gplus5plusbZ62PcQufA==&PG=6&IRP=0&isPndg=false
J. Students,JE,Cell Phone/Electronic Devices,P,07/09/2026,07/09/2026,https://simbli.eboardsolutions.com/Policy/ViewPolicy.aspx?S=36031793&revid=euL9Gf23XiXlvlIylsbd1Q==&ptid=9slshUHzTHxaaYMVf6zKpJz3Q==&secid=hSGrPqF4gplus5plusbZ62PcQufA==&PG=6&IRP=0&isPndg=false
J. Students,JF,Academic Achievement,P,07/26/2016,,https://simbli.eboardsolutions.com/Policy/ViewPolicy.aspx?S=36031793&revid=X8IksDu4slshpBpZOslshZTRqDZQ==&ptid=9slshUHzTHxaaYMVf6zKpJz3Q==&secid=hSGrPqF4gplus5plusbZ62PcQufA==&PG=6&IRP=0&isPndg=false
J. Students,JFABB,International/Foreign Exchange Students,P,02/12/2007,,https://simbli.eboardsolutions.com/Policy/ViewPolicy.aspx?S=36031793&revid=u1iAtivdtP7LoCZWqP5SMw==&ptid=9slshUHzTHxaaYMVf6zKpJz3Q==&secid=hSGrPqF4gplus5plusbZ62PcQufA==&PG=6&IRP=0&isPndg=false
K. General Public Relations,KCB,Community Involvement in Decision Making,P,10/16/2025,10/16/2025,https://simbli.eboardsolutions.com/Policy/ViewPolicy.aspx?S=36031793&revid=hRhcKVcsAORth9pluswclRTVg==&ptid=9slshUHzTHxaaYMVf6zKpJz3Q==&secid=sc8bjy4DPyDA4KHTJ9PnCA==&PG=6&IRP=0&isPndg=false
K. General Public Relations,KDCA,Solicitations By Staff Members,P,11/10/2005,,https://simbli.eboardsolutions.com/Policy/ViewPolicy.aspx?S=36031793&revid=slshMARplusNMwpqwjL56fUQ2vPw==&ptid=9slshUHzTHxaaYMVf6zKpJz3Q==&secid=sc8bjy4DPyDA4KHTJ9PnCA==&PG=6&IRP=0&isPndg=false
K. General Public Relations,KHE,Gifts to Schools,P,04/09/2012,,https://simbli.eboardsolutions.com/Policy/ViewPolicy.aspx?S=36031793&revid=xc2twhYbeWaHcDcvNmN42Q==&ptid=9slshUHzTHxaaYMVf6zKpJz3Q==&secid=sc8bjy4DPyDA4KHTJ9PnCA==&PG=6&IRP=0&isPndg=false
K. General Public Relations,KJA,School Volunteers Policy,P,07/26/2016,,https://simbli.eboardsolutions.com/Policy/ViewPolicy.aspx?S=36031793&revid=f5tCDMZHmplusEH7kmCQoMLeQ==&ptid=9slshUHzTHxaaYMVf6zKpJz3Q==&secid=sc8bjy4DPyDA4KHTJ9PnCA==&PG=6&IRP=0&isPndg=false
K. General Public Relations,KM,Visitors to the Schools,P,07/01/2014,,https://simbli.eboardsolutions.com/Policy/ViewPolicy.aspx?S=36031793&revid=LAQWg7Y9xhbcGkq1SO9eslshQ==&ptid=9slshUHzTHxaaYMVf6zKpJz3Q==&secid=sc8bjy4DPyDA4KHTJ9PnCA==&PG=6&IRP=0&isPndg=false
L. Organizational Relations,LA,Parental Engagement,P,07/26/2016,,https://simbli.eboardsolutions.com/Policy/ViewPolicy.aspx?S=36031793&revid=8slshq9plusg0IaLDUZxfhv8mjsQ==&ptid=9slshUHzTHxaaYMVf6zKpJz3Q==&secid=JlplusuJplusyHVooXlUcVebSyhw==&PG=6&IRP=0&isPndg=false
L. Organizational Relations,LAA,Title I Family and Community Engagement,P,06/11/2026,06/11/2026,https://simbli.eboardsolutions.com/Policy/ViewPolicy.aspx?S=36031793&revid=mJp7nbHbsaZutuieDJj9uw==&ptid=9slshUHzTHxaaYMVf6zKpJz3Q==&secid=JlplusuJplusyHVooXlUcVebSyhw==&PG=6&IRP=0&isPndg=false
L. Organizational Relations,LAB,Regulations for Title I Parent Engagement,P,07/26/2016,,https://simbli.eboardsolutions.com/Policy/ViewPolicy.aspx?S=36031793&revid=rez1IAiNQ1F3UhtbZAFc2g==&ptid=9slshUHzTHxaaYMVf6zKpJz3Q==&secid=JlplusuJplusyHVooXlUcVebSyhw==&PG=6&IRP=0&isPndg=false